rank,channel_info,influence_score,posts,followers,avg_likes,60_day_eng_rate,new_post_avg_like,total_likes,country,avg_comments,engagement,engagement_rate_pct,engagement_rate_decimal,likes_per_post_from_total,likes_per_post,following,followers_following_ratio,log1p_followers,log1p_posts,log1p_total_likes,log1p_likes_per_post,caption_len,hashtag_count,mention_count,url_count,days_since_last_post,account_age_days,posts_per_day,posts_per_month,verified_binary,followers_times_engrate,followers_log1p,avg_likes_log1p,total_likes_log1p,influence_score_log1p,follower_bin,channel_info_len
1,cristiano,92,3300.0,475800000.0,8700000.0,1.39,6500000.0,29000000000.0,Spain,0.0,8700000.0,1.828499369482976,0.0182849936948297,8787878.787878787,8700000.0,,,19.980508157934853,8.101980731853192,24.090561666967368,15.978833698567334,,,,,,,,,0,8700000.0,19.980508157934853,15.978833698567334,24.090561666967368,4.532599493153256,q4_large,9
2,kyliejenner,91,6900.0,366200000.0,8300000.000000001,1.62,5900000.0,57400000000.0,United States,0.0,8300000.000000001,2.2665210267613327,0.0226652102676133,8318840.579710145,8300000.000000001,,,19.718690192935437,8.839421607620602,24.773310140289357,15.931766193248746,,,,,,,,,0,8300000.000000001,19.718690192935433,15.931766193248746,24.773310140289354,4.5217885770490405,q4_large,11
3,leomessi,90,890.0,357300000.0,6800000.0,1.24,4400000.0,6000000000.0,Unknown,0.0,6800000.0,1.9031626084522808,0.0190316260845228,6741573.0337078655,6800000.0,,,19.694086325792405,6.792344427470809,22.515025306341133,15.732433317205148,,,,,,,,,0,6799999.999999999,19.694086325792405,15.732433317205148,22.515025306341133,4.51085950651685,q4_large,8
4,selenagomez,93,1800.0,342700000.0,6200000.0,0.97,3300000.0,11500000000.0,United States,0.0,6200000.0,1.8091625328275456,0.0180916253282754,6388888.888888889,6200000.0,,,19.65236598976284,7.496097345175956,23.165612872402573,15.64006001130563,,,,,,,,,0,6200000.0,19.652365989762842,15.64006001130563,23.165612872402573,4.543294782270004,q4_large,11
5,therock,91,6800.0,334100000.0,1900000.0,0.2,665300.0,12500000000.0,United States,0.0,1900000.0,0.5686920083807243,0.0056869200838072,1838235.294117647,1900000.0,,,19.6269509103201,8.824824939175638,23.248994481334663,14.45736497045232,,,,,,,,,0,1900000.0,19.6269509103201,14.45736497045232,23.248994481334666,4.5217885770490405,q4_large,7
6,kimkardashian,91,5600.0,329200000.0,3500000.0,0.88,2900000.0,19900000000.0,United States,0.0,3500000.0,1.06318347509113,0.0106318347509113,3553571.4285714286,3500000.0,,,19.612176029804857,8.630700432209832,23.71398556872711,15.068273812173889,,,,,,,,,0,3500000.0,19.612176029804857,15.068273812173887,23.71398556872711,4.5217885770490405,q4_large,13
7,arianagrande,92,5000.0,327700000.0,3700000.0,1.2,3900000.0,18400000000.0,United States,0.0,3700000.0,1.1290814769606348,0.0112908147696063,3680000.0,3700000.0,,,19.607609116720614,8.517393171418904,23.635616501615697,15.123843647884687,,,,,,,,,0,3700000.0,19.607609116720614,15.123843647884687,23.635616501615697,4.532599493153256,q4_large,12
8,beyonce,92,2000.0,272800000.0,3600000.0,0.76,2000000.0,7400000000.0,United States,0.0,3600000.0,1.3196480938416422,0.0131964809384164,3700000.0,3600000.0,,,19.42424948759927,7.601402334583733,22.72474583729167,15.096444681204078,,,,,,,,,0,3600000.0,19.42424948759927,15.096444681204078,22.72474583729167,4.532599493153256,q4_large,7
9,khloekardashian,89,4100.0,268300000.0,2400000.0,0.35,926900.0,9800000000.0,United States,0.0,2400000.0,0.8945210585165859,0.0089452105851658,2390243.9024390243,2400000.0,,,19.407616319123026,8.31898612539206,23.00564822272498,14.690979711984754,,,,,,,,,0,2400000.0,19.407616319123022,14.690979711984754,23.00564822272498,4.499809670330265,q4_large,15
10,justinbieber,91,7400.0,254500000.0,1900000.0,0.59,1500000.0,13900000000.0,Canada,0.0,1900000.0,0.7465618860510805,0.0074656188605108,1878378.3783783785,1900000.0,,,19.354811397884124,8.909370405197466,23.355154677155,14.45736497045232,,,,,,,,,0,1900000.0,19.354811397884124,14.45736497045232,23.355154677155,4.5217885770490405,q4_large,12
11,kendalljenner,90,660.0,254000000.0,5500000.0,2.04,5100000.0,3700000000.0,United States,0.0,5500000.0,2.1653543307086616,0.0216535433070866,5606060.606060606,5500000.0,,,19.352844828919817,6.493753839851686,22.03159865686686,15.520258832020865,,,,,,,,,0,5500000.0,19.352844828919817,15.520258832020865,22.03159865686686,4.51085950651685,q4_large,13
12,natgeo,91,10000.0,237000000.0,302200.0,0.07,159300.0,3000000000.0,United States,0.0,302200.0,0.1275105485232067,0.001275105485232,300000.0,302200.0,,,19.283570703318816,9.210440366976515,21.82187812594785,12.618847637882144,,,,,,,,,0,302200.0,19.283570703318816,12.618847637882144,21.821878125947855,4.5217885770490405,q4_large,6
13,nike,90,950.0,234100000.0,329000.0,0.08,181800.0,313600000.0,United States,0.0,329000.0,0.1405382315249893,0.0014053823152498,330105.2631578947,329000.0,,,19.271258936732817,6.85751406254539,19.563628849629303,12.703816069256568,,,,,,,,,0,329000.0,19.271258936732817,12.703816069256568,19.563628849629303,4.51085950651685,q4_large,4
14,taylorswift,91,530.0,222200000.0,2400000.0,1.01,2300000.0,1300000000.0,United States,0.0,2400000.0,1.08010801080108,0.0108010801080108,2452830.1886792453,2400000.0,,,19.21908843967025,6.274762021241939,20.985630102183134,14.690979711984754,,,,,,,,,0,2400000.0,19.219088439670255,14.690979711984754,20.985630102183134,4.5217885770490405,q4_large,11
15,jlo,89,3200.0,220400000.0,1700000.0,0.62,1400000.0,5300000000.0,United States,0.0,1700000.0,0.7713248638838476,0.0077132486388384,1656250.0,1700000.0,,,19.21095463978024,8.071218539969863,22.390972657693165,14.346139397261563,,,,,,,,,0,1700000.0,19.210954639780237,14.346139397261565,22.390972657693165,4.499809670330265,q4_large,3
16,virat.kohli,87,1400.0,211800000.0,3500000.0,0.96,2000000.0,4900000000.0,Unknown,0.0,3500000.0,1.6525023607176583,0.0165250236071765,3500000.0,3500000.0,,,19.171152995853017,7.244941546337007,22.312501042267076,15.068273812173889,,,,,,,,,0,3500000.0000000005,19.171152995853017,15.068273812173887,22.312501042267073,4.477336814478207,q4_large,11
17,nickiminaj,90,6400.0,201600000.0,2100000.0,0.53,1000000.0,13500000000.0,United States,0.0,2100000.0,1.0416666666666663,0.0104166666666666,2109375.0,2100000.0,,,19.12179609912181,8.764209507142004,23.32595552246487,14.557448378884017,,,,,,,,,0,2100000.0,19.121796099121806,14.557448378884015,23.32595552246487,4.51085950651685,q4_large,10
18,kourtneykardash,89,4400.0,195200000.0,1800000.0,0.67,1300000.0,7700000000.0,United States,0.0,1800000.0,0.9221311475409836,0.0092213114754098,1750000.0,1800000.0,,,19.08953523706622,8.38958706681109,22.76448616593592,14.403297778421797,,,,,,,,,0,1800000.0,19.08953523706622,14.403297778421795,22.76448616593592,4.499809670330265,q4_large,15
19,mileycyrus,89,1200.0,181500000.0,1300000.0,0.51,913600.0,1600000000.0,Unknown,0.0,1300000.0,0.7162534435261708,0.0071625344352617,1333333.3333333333,1300000.0,,,19.016766217178823,7.090909822079984,21.193269466817146,14.077875591662238,,,,,,,,,0,1300000.0,19.016766217178823,14.077875591662238,21.193269466817146,4.499809670330265,q4_large,10
20,neymarjr,90,5300.0,177100000.0,2700000.0,1.09,1900000.0,14100000000.0,Brazil,0.0,2700000.0,1.5245623941276116,0.0152456239412761,2660377.3584905663,2700000.0,,,18.99222510839959,8.575650760987806,23.369440634401457,14.80876270134486,,,,,,,,,0,2700000.0,18.99222510839959,14.80876270134486,23.369440634401457,4.51085950651685,q4_large,8
21,katyperry,92,2000.0,170300000.0,715000.0,0.16,265100.0,1500000000.0,Unknown,0.0,715000.0,0.4198473282442748,0.0041984732824427,750000.0,715000.0,,,18.95307215150491,7.601402334583733,21.12873094572124,13.480039220276565,,,,,,,,,0,715000.0,18.95307215150491,13.480039220276565,21.12873094572124,4.532599493153256,q4_large,9
22,kevinhart4real,88,8200.0,152000000.0,522000.0,0.08,115200.0,4300000000.0,United States,0.0,522000.0,0.3434210526315789,0.0034342105263157,524390.243902439,522000.0,,,18.839391085389497,9.012011377036412,22.181880859878486,13.165424782571751,,,,,,,,,0,522000.0,18.839391085389497,13.165424782571753,22.181880859878486,4.48863636973214,q4_large,14
23,zendaya,87,3500.0,150700000.0,5800000.0,3.17,4800000.0,20600000000.0,United States,0.0,5800000.0,3.8487060384870606,0.0384870603848706,5885714.285714285,5800000.0,,,18.830801670232425,8.160803920954665,23.74855691279049,15.573368647930426,,,,,,,,,0,5800000.0,18.830801670232425,15.573368647930426,23.74855691279049,4.477336814478207,q4_large,7
24,iamcardib,75,1600.0,140500000.0,3100000.0,1.1,1500000.0,5000000000.0,United States,0.0,3100000.0,2.206405693950178,0.0220640569395017,3125000.0,3100000.0,,,18.760718053855516,7.378383712996714,22.33270374958051,14.946912992035967,,,,,,,,,0,3100000.0,18.760718053855513,14.946912992035967,22.33270374958051,4.330733340286331,q4_large,9
25,ddlovato,88,80.0,139100000.0,1100000.0,0.27,363400.0,91300000.0,United States,0.0,1100000.0,0.7907979870596693,0.0079079798705966,1141250.0,1100000.0,,,18.750703664082742,4.394449154672439,18.3296613565181,13.910821646859096,,,,,,,,,0,1100000.0,18.750703664082742,13.910821646859095,18.3296613565181,4.48863636973214,q4_large,8
26,badgalriri,88,4800.0,135300000.0,3700000.0,0.02,0.0,17900000000.0,United States,0.0,3700000.0,2.7346637102734666,0.0273466371027346,3729166.6666666665,3700000.0,,,18.723005100532,8.476579508530941,23.608066549848985,15.123843647884687,,,,,,,,,0,3700000.0,18.723005100532,15.123843647884687,23.608066549848985,4.48863636973214,q4_large,10
27,kingjames,86,2300.0,130900000.0,2100000.0,0.92,1200000.0,4900000000.0,Unknown,0.0,2100000.0,1.6042780748663104,0.0160427807486631,2130434.782608696,2100000.0,,,18.689944238519548,7.741099090035366,22.312501042267076,14.557448378884017,,,,,,,,,0,2100000.0,18.689944238519548,14.557448378884015,22.312501042267073,4.465908118654584,q4_large,9
28,theellenshow,87,10000.0,125100000.0,420500.0,0.07,81700.0,4200000000.0,United States,0.0,420500.0,0.3361310951239009,0.003361310951239,420000.0,420500.0,,,18.644623983430744,9.210440366976515,22.15835036247383,12.949202136513597,,,,,,,,,0,420500.0,18.644623983430744,12.949202136513597,22.15835036247383,4.477336814478207,q4_large,12
29,realmadrid,90,6900.0,123400000.0,996200.0,0.48,588300.0,6800000000.0,Spain,0.0,996200.0,0.8072933549432739,0.0080729335494327,985507.2463768116,996200.0,,,18.63094167753929,8.839421607620602,22.64018844927553,13.811704323435311,,,,,,,,,0,996200.0,18.63094167753929,13.811704323435311,22.64018844927553,4.51085950651685,q4_large,10
30,champagnepapi,85,5200.0,119600000.0,1700000.0,1.1,1300000.0,9000000000.0,Netherlands,0.0,1700000.0,1.4214046822742474,0.0142140468227424,1730769.2307692308,1700000.0,,,18.59966340784201,8.556606193773073,22.920490414393743,14.346139397261563,,,,,,,,,0,1700000.0,18.59966340784201,14.346139397261565,22.920490414393743,4.454347296253507,q4_large,13
31,chrisbrownofficial,86,7300.0,118500000.0,463200.0,0.22,255900.0,3400000000.0,United States,0.0,463200.0,0.3908860759493671,0.0039088607594936,465753.4246575342,463200.0,,,18.59042352697828,8.895766604056085,21.947041268862645,13.045916364133236,,,,,,,,,0,463200.00000000006,18.590423526978277,13.045916364133237,21.947041268862645,4.465908118654584,q4_large,18
32,fcbarcelona,90,10000.0,111400000.0,1200000.0,0.64,706300.0,11600000000.0,Unknown,0.0,1200000.0,1.0771992818671454,0.0107719928186714,1160000.0,1200000.0,,,18.52863789443412,9.210440366976515,23.174270935144936,13.997832948091215,,,,,,,,,0,1200000.0,18.52863789443412,13.997832948091215,23.174270935144936,4.51085950651685,q4_large,11
33,billieeilish,73,690.0,105200000.0,8500000.0,5.02,5200000.0,5900000000.0,Unknown,0.0,8500000.0,8.079847908745247,0.0807984790874524,8550724.63768116,8500000.0,,,18.471373867773583,6.53813982376767,22.498218188027572,15.955576839107596,,,,,,,,,0,8500000.0,18.471373867773586,15.955576839107596,22.498218188027575,4.30406509320417,q4_large,12
34,dualipa,74,1300.0,85900000.0,2100000.0,1.26,1100000.0,2600000000.0,United Kingdom,0.0,2100000.0,2.444703143189756,0.0244470314318975,2000000.0,2100000.0,,,18.26869439859593,7.170888478512505,21.678777282358464,14.557448378884017,,,,,,,,,0,2100000.0,18.268694398595926,14.557448378884015,21.678777282358464,4.31748811353631,q4_large,7
35,gal_gadot,85,1700.0,85600000.0,1400000.0,0.69,586500.0,2300000000.0,United States,0.0,1400000.0,1.6355140186915886,0.0163551401869158,1352941.1764705882,1400000.0,,,18.26519585279421,7.438971592395862,21.556174960316294,14.151983508870948,,,,,,,,,0,1399999.9999999998,18.265195852794214,14.151983508870947,21.556174960316298,4.454347296253507,q4_large,9
36,vindiesel,88,1800.0,82300000.0,1400000.0,0.6,482300.0,2500000000.0,United States,0.0,1400000.0,1.701093560145808,0.017010935601458,1388888.888888889,1400000.0,,,18.225881677797968,7.496097345175956,21.639556569220566,14.151983508870948,,,,,,,,,0,1400000.0,18.225881677797968,14.151983508870947,21.639556569220566,4.48863636973214,q4_large,9
37,nasa,88,3600.0,81300000.0,1200000.0,1.53,1200000.0,4200000000.0,United States,0.0,1200000.0,1.4760147601476017,0.014760147601476,1166666.6666666667,1200000.0,,,18.21365658681816,8.188966863648876,22.15835036247383,13.997832948091215,,,,,,,,,0,1200000.0,18.21365658681816,13.997832948091215,22.15835036247383,4.48863636973214,q4_large,4
38,priyankachopra,85,3600.0,81100000.0,1600000.0,1.0,802900.0,5600000000.0,United States,0.0,1600000.0,1.972872996300863,0.0197287299630086,1555555.5555555555,1600000.0,,,18.211193531416097,8.188966863648876,22.446032434866087,14.285514812209817,,,,,,,,,0,1600000.0,18.211193531416097,14.285514812209815,22.446032434866087,4.454347296253507,q4_large,14
39,lalalalisa_m,70,870.0,80900000.0,5800000.0,9.0,7200000.0,5100000000.0,Unknown,0.0,5800000.0,7.169344870210136,0.0716934487021013,5862068.9655172415,5800000.0,,,18.20872439438966,6.769641976852503,22.35250637687277,15.573368647930426,,,,,,,,,0,5800000.0,18.20872439438966,15.573368647930426,22.35250637687277,4.2626798770413155,q4_large,12
40,Shakira,88,2000.0,76100000.0,975100.0,0.41,304700.0,1900000000.0,Unknown,0.0,975100.0,1.281340341655716,0.0128134034165571,950000.0,975100.0,,,18.14755883597252,7.601402334583733,21.36511972364512,13.790296334358526,,,,,,,,,0,975100.0,18.147558835972518,13.790296334358526,21.365119723645122,4.48863636973214,q4_large,7
41,snoopdogg,86,10000.0,75300000.0,203700.0,0.17,125800.0,2000000000.0,Unknown,0.0,203700.0,0.2705179282868525,0.0027051792828685,200000.0,203700.0,,,18.136990706050334,9.210440366976515,21.41641301800636,12.224408511383016,,,,,,,,,0,203700.0,18.136990706050334,12.224408511383015,21.416413018006356,4.465908118654584,q4_large,9
42,gigihadid,85,3300.0,75300000.0,2500000.0,2.56,1900000.0,8199999999.999999,United States,0.0,2500000.0,3.3200531208499333,0.0332005312084993,2484848.4848484844,2500000.0,,,18.136990706050334,8.101980731853192,22.82739999133857,14.731801689838347,,,,,,,,,0,2500000.0,18.136990706050334,14.731801689838349,22.82739999133857,4.454347296253507,q4_large,9
43,davidbeckham,86,1500.0,74900000.0,1200000.0,0.46,340900.0,1900000000.0,United States,0.0,1200000.0,1.602136181575434,0.0160213618157543,1266666.6666666667,1200000.0,,,18.131664461838582,7.313886831633462,21.36511972364512,13.997832948091215,,,,,,,,,0,1200000.0,18.131664461838582,13.997832948091215,21.365119723645122,4.465908118654584,q4_large,12
44,shraddhakapoor,81,1900.0,73900000.0,1600000.0,1.17,859900.0,3000000000.0,Unknown,0.0,1600000.0,2.165087956698241,0.0216508795669824,1578947.3684210526,1600000.0,,,18.11822339945023,7.550135342488429,21.82187812594785,14.285514812209817,,,,,,,,,0,1600000.0000000002,18.11822339945023,14.285514812209815,21.821878125947855,4.406719247264253,q4_large,14
45,victoriassecret,88,2900.0,73200000.0,147000.0,0.04,29800.0,423500000.0,United States,0.0,147000.0,0.2008196721311475,0.0020081967213114,146034.4827586207,147000.0,,,18.108705992592743,7.972810784121404,19.86406407441766,11.898194668458824,,,,,,,,,0,147000.0,18.108705992592743,11.898194668458823,19.86406407441766,4.48863636973214,q4_large,15
46,k.mbappe,86,1200.0,72700000.0,2500000.0,2.16,1600000.0,2800000000.0,Unknown,0.0,2500000.0,3.43878954607978,0.0343878954607978,2333333.333333333,2500000.0,,,18.101851956258905,7.090909822079984,21.752885254484717,14.731801689838347,,,,,,,,,0,2500000.0,18.101851956258905,14.731801689838349,21.752885254484713,4.465908118654584,q4_large,8
47,nehakakkar,84,2300.0,70400000.0,1500000.0,0.54,370100.0,3500000000.0,India,0.0,1500000.0,2.130681818181818,0.0213068181818181,1521739.1304347827,1500000.0,,,18.069703835332817,7.741099090035366,21.97602880572749,14.220976332738882,,,,,,,,,0,1500000.0,18.069703835332817,14.220976332738882,21.976028805727495,4.442651256490317,q4_large,10
48,nba,87,12900.0,70100000.0,370800.0,0.28,196900.0,4800000000.0,United States,0.0,370800.0,0.5289586305278174,0.0052895863052781,372093.0232558139,370800.0,,,18.065433366270156,9.465060106725137,22.29188175506859,12.82342080954183,,,,,,,,,0,370800.0,18.065433366270153,12.82342080954183,22.29188175506859,4.477336814478207,q4_large,3
49,shawnmendes,83,2500.0,69900000.0,3500000.0,2.87,2000000.0,8800000000.0,Canada,0.0,3500000.0,5.007153075822604,0.050071530758226,3520000.0,3500000.0,,,18.06257622151019,7.824445930877619,22.898017558544208,15.068273812173889,,,,,,,,,0,3500000.0,18.06257622151019,15.068273812173887,22.898017558544208,4.430816798843313,q4_large,11
50,jennierubyjane,76,860.0,68900000.0,5100000.0,8.36,5700000.0,4400000000.0,Unknown,0.0,5100000.0,7.402031930333817,0.0740203193033381,5116279.069767442,5100000.0,,,18.048166750497675,6.7580945044277305,22.2048703780979,15.444751293772969,,,,,,,,,0,5100000.0,18.048166750497675,15.444751293772967,22.2048703780979,4.343805421853684,q3,14
51,narendramodi,85,540.0,68900000.0,2900000.0,3.01,2000000.0,1600000000.0,India,0.0,2900000.0,4.208998548621191,0.0420899854862119,2962962.962962963,2900000.0,,,18.048166750497675,6.293419278846481,21.193269466817146,14.88022163978423,,,,,,,,,0,2900000.0,18.048166750497675,14.88022163978423,21.193269466817146,4.454347296253507,q3,12
52,aliaabhatt,82,1800.0,68700000.0,1800000.0,3.14,2100000.0,3300000000.0,India,0.0,1800000.0,2.6200873362445414,0.0262008733624454,1833333.3333333333,1800000.0,,,18.04525977174862,7.496097345175956,21.91718830572188,14.403297778421797,,,,,,,,,0,1800000.0,18.04525977174862,14.403297778421795,21.917188305721876,4.418840607796598,q3,10
53,deepikapadukone,83,260.0,68400000.0,1600000.0,2.23,1500000.0,419000000.0,India,0.0,1600000.0,2.3391812865497075,0.023391812865497,1611538.4615384615,1600000.0,,,18.04088339721266,5.564520407322694,19.853381480273047,14.285514812209817,,,,,,,,,0,1600000.0,18.04088339721266,14.285514812209815,19.853381480273047,4.430816798843313,q3,15
54,tomholland2013,77,1200.0,67700000.0,5400000.0,10.83,7300000.0,6600000000.0,Unknown,0.0,5400000.0,7.976366322008863,0.0797636632200886,5500000.0,5400000.0,,,18.03059675265355,7.090909822079984,22.610335486130307,15.501909696719672,,,,,,,,,0,5400000.0,18.03059675265355,15.501909696719672,22.610335486130307,4.356708826689592,q3,14
55,ronaldinho,78,2900.0,67700000.0,872900.0,0.49,325700.0,2600000000.0,Brazil,0.0,872900.0,1.2893648449039885,0.0128936484490398,896551.724137931,872900.0,,,18.03059675265355,7.972810784121404,21.678777282358464,13.679577426329384,,,,,,,,,0,872900.0,18.03059675265355,13.679577426329384,21.678777282358464,4.3694478524670215,q3,10
56,emmawatson,87,340.0,67300000.0,1900000.0,0.01,0.0,639000000.0,United States,0.0,1900000.0,2.823179791976226,0.0282317979197622,1879411.7647058824,1900000.0,,,18.0246708094738,5.831882477283517,20.275415013906755,14.45736497045232,,,,,,,,,0,1900000.0,18.024670809473797,14.45736497045232,20.275415013906755,4.477336814478207,q3,10
57,bts.bighitofficial,78,1200.0,66900000.00000001,4100000.0,5.4,3600000.0,4900000000.0,Uruguay,0.0,4100000.0,6.128550074738414,0.0612855007473841,4083333.3333333335,4100000.0,,,18.01870954004614,7.090909822079984,22.312501042267076,15.226497775576943,,,,,,,,,0,4100000.0,18.01870954004614,15.226497775576945,22.312501042267073,4.3694478524670215,q3,18
58,katrinakaif,85,1000.0,66300000.0,1700000.0,2.25,1500000.0,1700000000.0,India,0.0,1700000.0,2.564102564102564,0.0256410256410256,1700000.0,1700000.0,,,18.009700470239046,6.90875477931522,21.253894088596816,14.346139397261563,,,,,,,,,0,1700000.0,18.009700470239046,14.346139397261565,21.253894088596816,4.454347296253507,q3,11
59,marvel,82,7000.0,66200000.0,332300.0,0.51,339000.0,2300000000.0,Turkey,0.0,332300.0,0.501963746223565,0.0050196374622356,328571.4285714286,332300.0,,,18.008191036012978,8.853808274977197,21.556174960316294,12.713796463667077,,,,,,,,,0,332300.0,18.008191036012978,12.713796463667077,21.556174960316298,4.418840607796598,q3,6
60,justintimberlake,87,780.0,65900000.00000001,600400.0,0.3,189400.0,470700000.0,United States,0.0,600400.0,0.9110773899848256,0.0091107738998482,603461.5384615385,600400.0,,,18.00364901464724,6.660575149839686,19.969731508495865,13.305353044296352,,,,,,,,,0,600400.0,18.00364901464724,13.305353044296353,19.969731508495865,4.477336814478207,q3,16
61,camila_cabello,77,2900.0,65000000.0,1900000.0,2.19,1400000.0,5400000000.0,United States,0.0,1900000.0,2.923076923076923,0.0292307692307692,1862068.9655172413,1900000.0,,,17.989897843244528,7.972810784121404,22.409664790701825,14.45736497045232,,,,,,,,,0,1900000.0,17.989897843244528,14.45736497045232,22.409664790701825,4.356708826689592,q3,14
62,willsmith,82,1400.0,63900000.0,1400000.0,0.02,0.0,1900000000.0,United States,0.0,1400000.0,2.190923317683881,0.0219092331768388,1357142.857142857,1400000.0,,,17.972829934997215,7.244941546337007,21.36511972364512,14.151983508870948,,,,,,,,,0,1400000.0,17.972829934997215,14.151983508870947,21.365119723645122,4.418840607796598,q3,9
63,raffinagita1717,83,17500.0,63500000.0,386900.0,0.58,366600.0,6800000000.0,Indonesia,0.0,386900.0,0.6092913385826771,0.0060929133858267,388571.4285714286,386900.0,,,17.96655047961095,9.770013301136158,22.64018844927553,12.86592412533246,,,,,,,,,0,386900.0,17.96655047961095,12.86592412533246,22.64018844927553,4.430816798843313,q3,15
64,anitta,82,5100.0,63100000.0,855500.0,0.69,426200.0,4400000000.0,United States,0.0,855500.0,1.3557844690966718,0.0135578446909667,862745.0980392157,855500.0,,,17.9602313433593,8.537191877922927,22.2048703780979,13.659442541220772,,,,,,,,,0,855500.0,17.9602313433593,13.659442541220773,22.2048703780979,4.418840607796598,q3,6
65,sooyaaa__,82,830.0,62900000.0,4500000.0,9.43,5900000.0,3800000000.0,Unknown,0.0,4500000.0,7.154213036565977,0.0715421303656597,4578313.253012048,4500000.0,,,17.95705673756892,6.7226297948554485,22.05826690394191,15.319588176962746,,,,,,,,,0,4500000.0,17.95705673756892,15.319588176962746,22.05826690394191,4.418840607796598,q3,9
66,maluma,84,8200.0,62800000.0,1200000.0,1.12,696300.0,9800000000.0,Colombia,0.0,1200000.0,1.910828025477707,0.019108280254777,1195121.951219512,1200000.0,,,17.955465647361994,9.012011377036412,23.00564822272498,13.997832948091215,,,,,,,,,0,1200000.0,17.955465647361994,13.997832948091215,23.00564822272498,4.442651256490317,q3,6
67,akshaykumar,85,1900.0,62800000.0,1500000.0,1.01,624900.0,2900000000.0,Unknown,0.0,1500000.0,2.388535031847134,0.0238853503184713,1526315.7894736845,1500000.0,,,17.955465647361994,7.550135342488429,21.787976574283668,14.220976332738882,,,,,,,,,0,1500000.0,17.955465647361994,14.220976332738882,21.787976574283668,4.454347296253507,q3,11
68,jacquelinef143,85,2400.0,62700000.0,1100000.0,1.15,718800.0,2800000000.0,India,0.0,1100000.0,1.7543859649122806,0.0175438596491228,1166666.6666666667,1100000.0,,,17.95387202155211,7.783640596221253,21.752885254484717,13.910821646859096,,,,,,,,,0,1100000.0,17.95387202155211,13.910821646859095,21.752885254484713,4.454347296253507,q3,14
69,psg,86,10000.0,61900000.0,500500.0,0.52,322200.0,5000000000.0,France,0.0,500500.0,0.808562197092084,0.0080856219709208,500000.0,500500.0,,,17.941030753809912,9.210440366976515,22.33270374958051,13.123364875737414,,,,,,,,,0,500500.0,17.941030753809912,13.123364875737414,22.33270374958051,4.465908118654584,q3,3
70,roses_are_rosie,82,820.0,61800000.0,4600000.0,9.72,6000000.0,3800000000.0,Unknown,0.0,4600000.0,7.443365695792881,0.0744336569579288,4634146.341463415,4600000.0,,,17.93941393860915,6.710523109452428,22.05826690394191,15.341567078850604,,,,,,,,,0,4600000.0,17.93941393860915,15.341567078850604,22.05826690394191,4.418840607796598,q3,15
71,manchesterunited,85,9900.0,59600000.0,381800.0,0.41,241600.0,3800000000.0,United Kingdom,0.0,381800.0,0.6406040268456376,0.0064060402684563,383838.38383838383,381800.0,,,17.9031661488141,9.200391041122517,22.05826690394191,12.852654809442695,,,,,,,,,0,381800.0,17.9031661488141,12.852654809442695,22.05826690394191,4.454347296253507,q3,16
72,anushkasharma,85,1200.0,59500000.0,1900000.0,2.34,1400000.0,2200000000.0,Unknown,0.0,1900000.0,3.193277310924369,0.0319327731092436,1833333.3333333333,1900000.0,,,17.90148688732258,7.090909822079984,21.511723197765228,14.45736497045232,,,,,,,,,0,1900000.0,17.90148688732258,14.45736497045232,21.511723197765228,4.454347296253507,q3,13
73,whinderssonnunes,79,2700.0,58700000.0,1600000.0,0.58,323100.0,4400000000.0,Brazil,0.0,1600000.0,2.72572402044293,0.0272572402044293,1629629.6296296297,1600000.0,,,17.8879503018341,7.901377353792616,22.2048703780979,14.285514812209817,,,,,,,,,0,1600000.0,17.8879503018341,14.285514812209815,22.2048703780979,4.382026634673881,q3,16
74,9gag,86,10000.0,58100000.0,672600.0,0.44,248600.0,6700000000.0,United States,0.0,672600.0,1.157659208261618,0.0115765920826161,670000.0,672600.0,,,17.877676239033843,9.210440366976515,22.625373363492585,13.418907565054967,,,,,,,,,0,672600.0,17.877676239033843,13.418907565054967,22.625373363492585,4.465908118654584,q3,4
75,marcelotwelve,86,2700.0,58100000.0,690900.0,0.78,448300.0,1900000000.0,Brazil,0.0,690900.0,1.189156626506024,0.0118915662650602,703703.7037037037,690900.0,,,17.877676239033843,7.901377353792616,21.36511972364512,13.445751821863304,,,,,,,,,0,690900.0,17.877676239033843,13.445751821863304,21.365119723645122,4.465908118654584,q3,13
76,milliebobbybrown,80,280.0,57600000.0,4000000.0,8.63,5000000.0,1100000000.0,United States,0.0,4000000.0,6.944444444444445,0.0694444444444444,3928571.4285714286,4000000.0,,,17.86903314302723,5.638354669333745,20.818576017659822,15.201805169084134,,,,,,,,,0,4000000.0,17.86903314302723,15.201805169084134,20.818576017659826,4.394449154672439,q3,16
77,karimbenzema,42,2000.0,56900000.0,878500.0,1.62,918900.0,1800000000.0,Spain,0.0,878500.0,1.5439367311072056,0.015439367311072,900000.0,878500.0,,,17.856805916671252,7.601402334583733,21.311052502404085,13.685972324912568,,,,,,,,,0,878500.0,17.856805916671252,13.685972324912568,21.311052502404085,3.7612001156935624,q3,12
78,chrishemsworth,86,880.0,55900000.0,2800000.0,3.69,2100000.0,2500000000.0,Australia,0.0,2800000.0,5.008944543828265,0.0500894454382826,2840909.090909091,2800000.0,,,17.839074956014414,6.78105762593618,21.639556569220566,14.845130332288226,,,,,,,,,0,2800000.0,17.839074956014414,14.845130332288226,21.639556569220566,4.465908118654584,q3,14
79,karolg,83,3300.0,55600000.0,3100000.0,10.25,5700000.0,10100000000.0,India,0.0,3100000.0,5.575539568345324,0.0557553956834532,3060606.0606060605,3100000.0,,,17.833693777206424,8.101980731853192,23.03580126089264,14.946912992035967,,,,,,,,,0,3100000.0,17.833693777206424,14.946912992035967,23.035801260892637,4.430816798843313,q3,6
80,paulpogba,80,1300.0,55200000.0,1400000.0,0.85,462600.0,1800000000.0,France,0.0,1400000.0,2.536231884057971,0.0253623188405797,1384615.3846153845,1400000.0,,,17.826473529363266,7.170888478512505,21.311052502404085,14.151983508870948,,,,,,,,,0,1400000.0,17.826473529363266,14.151983508870947,21.311052502404085,4.394449154672439,q3,9
81,iamzlatanibrahimovic,86,870.0,55100000.0,1500000.0,1.53,837100.0,1300000000.0,Unknown,0.0,1500000.0,2.722323049001815,0.0272232304900181,1494252.8735632184,1500000.0,,,17.824660292271965,6.769641976852503,20.985630102183134,14.220976332738882,,,,,,,,,0,1500000.0,17.824660292271965,14.220976332738882,20.985630102183134,4.465908118654584,q3,20
82,leonardodicaprio,86,1700.0,54600000.0,395500.0,0.2,107600.0,669300000.0,Unknown,0.0,395500.0,0.7243589743589743,0.0072435897435897,393705.8823529412,395500.0,,,17.81554445903015,7.438971592395862,20.321742949564968,12.887908594631655,,,,,,,,,0,395500.0,17.81554445903015,12.887908594631655,20.321742949564968,4.465908118654584,q3,16
83,juventus,87,10000.0,54500000.0,194800.0,0.25,135500.0,1900000000.0,Unknown,0.0,194800.0,0.3574311926605504,0.0035743119266055,190000.0,194800.0,,,17.813711277982097,9.210440366976515,21.36511972364512,12.179733803647622,,,,,,,,,0,194800.0,17.813711277982097,12.179733803647622,21.365119723645122,4.477336814478207,q3,8
84,zacefron,86,660.0,54500000.0,2300000.0,8.18,4400000.0,1500000000.0,United States,0.0,2300000.0,4.220183486238533,0.0422018348623853,2272727.272727273,2300000.0,,,17.813711277982097,6.493753839851686,21.12873094572124,14.648420115681892,,,,,,,,,0,2300000.0,17.813711277982097,14.648420115681892,21.12873094572124,4.465908118654584,q3,8
85,bellahadid,79,3200.0,54100000.0,1100000.0,2.06,1100000.0,3600000000.0,United Kingdom,0.0,1100000.0,2.033271719038817,0.0203327171903881,1125000.0,1100000.0,,,17.806344762301,8.071218539969863,22.00419968268625,13.910821646859096,,,,,,,,,0,1100000.0,17.806344762301,13.910821646859095,22.004199682686252,4.382026634673881,q3,10
86,tatawerneck,86,5600.0,53900000.0,959800.0,0.51,266500.0,5400000000.0,Brazil,0.0,959800.0,1.7807050092764378,0.0178070500927643,964285.7142857144,959800.0,,,17.8026410544321,8.630700432209832,22.409664790701825,13.774481250289464,,,,,,,,,0,959800.0,17.8026410544321,13.774481250289465,22.409664790701825,4.465908118654584,q3,11
87,beingsalmankhan,76,1200.0,53500000.0,1400000.0,1.33,693900.0,1600000000.0,India,0.0,1400000.0,2.6168224299065423,0.0261682242990654,1333333.3333333333,1400000.0,,,17.795192230557824,7.090909822079984,21.193269466817146,14.151983508870948,,,,,,,,,0,1400000.0,17.795192230557824,14.151983508870947,21.193269466817146,4.343805421853684,q3,15
88,robertdowneyjr,86,420.0,53400000.0,3000000.0,2.05,1100000.0,1300000000.0,United States,0.0,3000000.0,5.617977528089887,0.0561797752808988,3095238.095238095,3000000.0,,,17.793321322657015,6.042632833682381,20.985630102183134,14.914123179965662,,,,,,,,,0,3000000.0,17.793321322657015,14.914123179965662,20.985630102183134,4.465908118654584,q3,14
89,sunnyleone,84,4600.0,53400000.0,764000.0,0.57,301300.0,3500000000.0,Unknown,0.0,764000.0,1.430711610486891,0.0143071161048689,760869.5652173914,764000.0,,,17.793321322657015,8.434028950155469,21.97602880572749,13.546324377048323,,,,,,,,,0,764000.0,17.793321322657015,13.546324377048325,21.976028805727495,4.442651256490317,q3,10
90,ladygaga,83,3600.0,53200000.0,1400000.0,1.02,531600.0,5100000000.0,United States,0.0,1400000.0,2.631578947368421,0.0263157894736842,1416666.6666666667,1400000.0,,,17.789568973108864,8.188966863648876,22.35250637687277,14.151983508870948,,,,,,,,,0,1400000.0,17.789568973108864,14.151983508870947,22.35250637687277,4.430816798843313,q3,8
91,dishapatani,74,2100.0,53000000.0,1600000.0,1.85,971700.0,3400000000.0,United States,0.0,1600000.0,3.018867924528302,0.030188679245283,1619047.619047619,1600000.0,,,17.78580249038432,7.650168700845001,21.947041268862645,14.285514812209817,,,,,,,,,0,1600000.0,17.78580249038432,14.285514812209815,21.947041268862645,4.31748811353631,q3,11
92,sergioramos,87,2200.0,52800000.0,1100000.0,1.06,557900.0,2500000000.0,Unknown,0.0,1100000.0,2.083333333333333,0.0208333333333333,1136363.6363636365,1100000.0,,,17.782021767615884,7.696667081526462,21.639556569220566,13.910821646859096,,,,,,,,,0,1100000.0,17.782021767615884,13.910821646859095,21.639556569220566,4.477336814478207,q3,11
93,jbalvin,87,10000.0,52800000.0,878000.0,0.66,340500.0,8800000000.0,Unknown,0.0,878000.0,1.6628787878787878,0.0166287878787878,880000.0,878000.0,,,17.782021767615884,9.210440366976515,22.898017558544208,13.68540301156877,,,,,,,,,0,878000.0,17.782021767615884,13.68540301156877,22.898017558544208,4.477336814478207,q3,7
94,mosalah,22,840.0,52500000.0,1800000.0,2.18,1100000.0,1500000000.0,Unknown,0.0,1800000.0,3.428571428571429,0.0342857142857142,1785714.2857142857,1800000.0,,,17.77632374660947,6.734591659972948,21.12873094572124,14.403297778421797,,,,,,,,,0,1800000.0,17.77632374660947,14.403297778421795,21.12873094572124,3.1354942159291497,q3,7
95,ayutingting92,85,10000.0,52400000.0,147300.0,0.11,56300.0,1500000000.0,Indonesia,0.0,147300.0,0.2811068702290076,0.00281106870229,150000.0,147300.0,,,17.77441716837524,9.210440366976515,21.12873094572124,11.900233391293936,,,,,,,,,0,147300.0,17.77441716837524,11.900233391293936,21.12873094572124,4.454347296253507,q3,13
96,433,79,10300.0,51200000.0,863200.0,1.52,774200.0,8900000000.0,Netherlands,0.0,863200.0,1.6859375,0.016859375,864077.6699029126,863200.0,,,17.751250109540987,9.239996256883693,22.909317113796863,13.668402851405466,,,,,,,,,0,863200.0,17.751250109540987,13.668402851405466,22.909317113796863,4.382026634673881,q3,3
97,hudabeauty,82,2400.0,50800000.0,186400.0,0.04,16800.0,453600000.0,United States,0.0,186400.0,0.3669291338582677,0.0036692913385826,189000.0,186400.0,,,17.74340693223375,7.783640596221253,19.932726312582403,12.135655546026104,,,,,,,,,0,186400.0,17.74340693223375,12.135655546026104,19.932726312582403,4.418840607796598,q3,10
98,adele,84,420.0,50700000.0,4700000.0,3.82,1900000.0,2000000000.0,United States,0.0,4700000.0,9.270216962524657,0.0927021696252465,4761904.761904762,4700000.0,,,17.741436488285277,6.042632833682381,21.41641301800636,15.363073279446224,,,,,,,,,0,4700000.0,17.741436488285277,15.363073279446223,21.416413018006356,4.442651256490317,q3,5
99,michelleobama,85,600.0,50700000.0,700500.0,1.22,611200.0,421700000.0,Unknown,0.0,700500.0,1.381656804733728,0.0138165680473372,702833.3333333334,700500.0,,,17.741436488285277,6.398594934535208,19.859804721088143,13.459551072309928,,,,,,,,,0,700500.0,17.741436488285277,13.459551072309928,19.859804721088143,4.454347296253507,q3,13
100,kritisanon,76,2700.0,50200000.0,897200.0,1.21,604400.0,2400000000.0,India,0.0,897200.0,1.7872509960159364,0.0178725099601593,888888.8888888889,897200.0,,,17.731525604582277,7.901377353792616,21.59873457471698,13.707035196206258,,,,,,,,,0,897200.0,17.731525604582277,13.707035196206258,21.59873457471698,4.343805421853684,q3,10
101,jamesrodriguez10,86,1100.0,49900000.0,1400000.0,0.75,363900.0,1500000000.0,Colombia,0.0,1400000.0,2.80561122244489,0.0280561122244488,1363636.3636363635,1400000.0,,,17.725531580761828,7.00397413672268,21.12873094572124,14.151983508870948,,,,,,,,,0,1400000.0,17.725531580761828,14.151983508870947,21.12873094572124,4.465908118654584,q2,16
102,krisjenner,80,6400.0,49700000.0,356800.0,0.91,452900.0,2300000000.0,United States,0.0,356800.0,0.717907444668008,0.00717907444668,359375.0,356800.0,,,17.721515511187583,8.764209507142004,21.556174960316294,12.784933482374647,,,,,,,,,0,356800.0,17.721515511187583,12.784933482374647,21.556174960316298,4.394449154672439,q2,10
103,thv,83,60.0,49300000.0,15400000.0,25.8,12600000.0,987400000.0,Unknown,0.0,15400000.0,31.237322515212984,0.3123732251521298,16456666.666666666,15400000.0,,,17.713434659296894,4.110873864173311,20.7105857848018,16.54987813231892,,,,,,,,,0,15400000.000000002,17.713434659296894,16.54987813231892,20.710585784801797,4.430816798843313,q2,3
104,lelepons,81,2500.0,49200000.0,2400000.0,3.55,1700000.0,6100000000.0,United States,0.0,2400000.0,4.878048780487805,0.048780487804878,2440000.0,2400000.0,,,17.71140420178774,7.824445930877619,22.53155460828961,14.690979711984754,,,,,,,,,0,2400000.0,17.71140420178774,14.690979711984754,22.53155460828961,4.406719247264253,q2,8
105,charlidamelio,80,150.0,49100000.0,4200000.0,3.28,1600000.0,654400000.0,Unknown,0.0,4200000.0,8.55397148676171,0.0855397148676171,4362666.666666667,4200000.0,,,17.709369613131347,5.017279836814924,20.29922934478093,15.250595321348806,,,,,,,,,0,4200000.0,17.709369613131347,15.250595321348806,20.29922934478093,4.394449154672439,q2,13
106,gucci,86,8900.0,49000000.0,115100.0,0.15,72400.0,1000000000.0,Italy,0.0,115100.0,0.2348979591836734,0.0023489795918367,112359.55056179776,115100.0,,,17.707330876483063,9.093918908958932,20.72326583794641,11.65356528276954,,,,,,,,,0,115100.0,17.707330876483063,11.65356528276954,20.72326583794641,4.465908118654584,q2,5
107,prillylatuconsina96,84,6500.0,48900000.0,372400.0,0.27,131800.0,2400000000.0,Indonesia,0.0,372400.0,0.7615541922290389,0.0076155419222903,369230.7692307693,372400.0,,,17.705287974894997,8.77971129020447,21.59873457471698,12.827726509666084,,,,,,,,,0,372400.0,17.705287974894997,12.827726509666084,21.59873457471698,4.442651256490317,q2,19
108,louisvuitton,82,6500.0,48700000.0,127500.0,0.08,40500.0,824000000.0,France,0.0,127500.0,0.2618069815195072,0.002618069815195,126769.23076923077,127500.0,,,17.7011896085867,8.77971129020447,20.529681089087337,11.755879486687116,,,,,,,,,0,127500.0,17.7011896085867,11.755879486687116,20.529681089087337,4.418840607796598,q2,12
109,paulodybala,85,1300.0,48300000.0,1800000.0,2.88,1400000.0,2300000000.0,Unknown,0.0,1800000.0,3.7267080745341614,0.0372670807453416,1769230.7692307692,1800000.0,,,17.692942139326735,7.170888478512505,21.556174960316294,14.403297778421797,,,,,,,,,0,1800000.0,17.692942139326735,14.403297778421795,21.556174960316298,4.454347296253507,q2,11
110,blackpinkofficial,85,1400.0,48200000.0,2100000.0,2.77,1300000.0,3000000000.0,Unknown,0.0,2100000.0,4.356846473029045,0.0435684647302904,2142857.1428571427,2100000.0,,,17.690869599767716,7.244941546337007,21.82187812594785,14.557448378884017,,,,,,,,,0,2100000.0,17.690869599767716,14.557448378884015,21.821878125947855,4.454347296253507,q2,17
111,dovecameron,85,170.0,48200000.0,1600000.0,1.75,841400.0,283000000.0,United States,0.0,1600000.0,3.319502074688797,0.0331950207468879,1664705.8823529412,1600000.0,,,17.690869599767716,5.14166355650266,19.46095745914108,14.285514812209817,,,,,,,,,0,1600000.0,17.690869599767716,14.285514812209815,19.46095745914108,4.454347296253507,q2,11
112,garethbale11,86,980.0,48100000.0,763000.0,1.43,681300.0,753100000.0,Unknown,0.0,763000.0,1.5862785862785864,0.0158627858627858,768469.387755102,763000.0,,,17.68879275586601,6.888572459565364,20.439708580399422,13.545014620881725,,,,,,,,,0,763000.0000000001,17.68879275586601,13.545014620881725,20.439708580399426,4.465908118654584,q2,12
113,jokowi,85,3500.0,47700000.0,452600.0,0.41,189600.0,1600000000.0,Unknown,0.0,452600.0,0.9488469601677147,0.0094884696016771,457142.8571428572,452600.0,,,17.68044197682293,8.160803920954665,21.193269466817146,13.022766221635608,,,,,,,,,0,452600.0,17.68044197682293,13.022766221635607,21.193269466817146,4.454347296253507,q2,6
114,nusr_et,81,2300.0,47300000.0,728200.0,0.29,133000.0,1700000000.0,United Arab Emirates,0.0,728200.0,1.5395348837209302,0.0153953488372093,739130.4347826086,728200.0,,,17.67202087460381,7.741099090035366,21.253894088596816,13.498332387971637,,,,,,,,,0,728200.0,17.67202087460381,13.498332387971635,21.253894088596816,4.406719247264253,q2,7
115,harrystyles,57,590.0,46900000.0,4700000.0,6.38,2900000.0,2800000000.0,United States,0.0,4700000.0,10.021321961620467,0.1002132196162046,4745762.711864407,4700000.0,,,17.66352825473847,6.3818160174060985,21.752885254484717,15.363073279446224,,,,,,,,,0,4700000.0,17.66352825473847,15.363073279446223,21.752885254484713,4.060443010546419,q2,11
116,haileybieber,85,2100.0,46900000.0,2000000.0,3.47,1600000.0,4200000000.0,Unknown,0.0,2000000.0,4.264392324093817,0.0426439232409381,2000000.0,2000000.0,,,17.66352825473847,7.650168700845001,22.15835036247383,14.508658238524095,,,,,,,,,0,2000000.0,17.66352825473847,14.508658238524095,22.15835036247383,4.454347296253507,q2,12
117,vanessahudgens,84,4200.0,46800000.0,633900.0,0.63,292900.0,2700000000.0,United States,0.0,633900.0,1.3544871794871796,0.0135448717948717,642857.1428571428,633900.0,,,17.661393782255395,8.343077871169383,21.716517610327063,13.359648069806902,,,,,,,,,0,633900.0,17.661393782255395,13.359648069806902,21.716517610327063,4.442651256490317,q2,14
118,5-Minute Crafts GIRLY,85,10000.0,46500000.0,157000.0,0.03,12400.0,1600000000.0,United States,0.0,157000.0,0.3376344086021505,0.0033763440860215,160000.0,157000.0,,,17.65496289206296,9.210440366976515,21.193269466817146,11.964007453736912,,,,,,,,,0,157000.0,17.65496289206296,11.964007453736912,21.193269466817146,4.454347296253507,q2,21
119,zayn,82,160.0,46500000.0,4700000.0,8.81,4000000.0,773500000.0,United States,0.0,4700000.0,10.10752688172043,0.1010752688172043,4834375.0,4700000.0,,,17.65496289206296,5.081404364984463,20.46643622927022,15.363073279446224,,,,,,,,,0,4700000.0,17.65496289206296,15.363073279446223,20.46643622927022,4.418840607796598,q2,4
120,larissamanoela,85,5200.0,46500000.0,579600.0,0.57,259400.0,3000000000.0,Brazil,0.0,579600.0,1.2464516129032257,0.0124645161290322,576923.0769230769,579600.0,,,17.65496289206296,8.556606193773073,21.82187812594785,13.270095214754988,,,,,,,,,0,579600.0,17.65496289206296,13.270095214754988,21.821878125947855,4.454347296253507,q2,14
121,travisscott,78,3200.0,46200000.0,3000000.0,5.71,2600000.0,9600000000.0,United States,0.0,3000000.0,6.493506493506493,0.0649350649350649,3000000.0,3000000.0,,,17.648490377696987,8.071218539969863,22.98502893552437,14.914123179965662,,,,,,,,,0,2999999.9999999995,17.648490377696987,14.914123179965662,22.98502893552437,4.3694478524670215,q2,11
122,thenotoriousmma,82,3200.0,45900000.0,1100000.0,0.69,311500.0,3500000000.0,United States,0.0,1100000.0,2.396514161220044,0.0239651416122004,1093750.0,1100000.0,,,17.641975696817266,8.071218539969863,21.97602880572749,13.910821646859096,,,,,,,,,0,1100000.0,17.641975696817266,13.910821646859095,21.976028805727495,4.418840607796598,q2,15
123,daddyyankee,80,20.0,45900000.0,652500.0,1.0,455300.0,18300000.0,Puerto Rico,0.0,652500.0,1.4215686274509804,0.0142156862745098,915000.0,652500.0,,,17.641975696817266,3.044522437723423,16.722411672456456,13.38856795074486,,,,,,,,,0,652500.0,17.641975696817266,13.38856795074486,16.722411672456456,4.394449154672439,q2,11
124,natgeotravel,82,16900.0,45800000.0,189900.0,0.12,52800.0,3200000000.0,United States,0.0,189900.0,0.4146288209606987,0.0041462882096069,189349.1124260355,189900.0,,,17.639794670918473,9.735128070758227,21.886416647064596,12.15425816271595,,,,,,,,,0,189900.0,17.639794670918473,12.15425816271595,21.886416647064593,4.418840607796598,q2,12
125,nikefootball,85,1800.0,45400000.0,431200.0,0.44,199800.0,784000000.0,United States,0.0,431200.0,0.9497797356828196,0.0094977973568281,435555.5555555556,431200.0,,,17.63102268503801,7.496097345175956,20.47991957959019,12.974329617683695,,,,,,,,,0,431200.0,17.63102268503801,12.974329617683697,20.47991957959019,4.454347296253507,q2,12
126,stephencurry30,84,1100.0,45400000.0,1100000.0,2.76,1200000.0,1200000000.0,Unknown,0.0,1100000.0,2.4229074889867843,0.0242290748898678,1090909.0909090908,1100000.0,,,17.63102268503801,7.00397413672268,20.9055873945737,13.910821646859096,,,,,,,,,0,1100000.0,17.63102268503801,13.910821646859095,20.9055873945737,4.442651256490317,q2,14
127,vancityreynolds,86,680.0,44800000.0,1400000.0,2.61,1200000.0,925700000.0,Unknown,0.0,1400000.0,3.125,0.03125,1361323.5294117648,1400000.0,,,17.61771871970664,6.523562306149512,20.646060767117703,14.151983508870948,,,,,,,,,0,1400000.0,17.61771871970664,14.151983508870947,20.646060767117703,4.465908118654584,q2,15
128,maisa,42,1500.0,44500000.0,553000.0,0.67,294100.0,820100000.0,Brazil,0.0,553000.0,1.2426966292134831,0.0124269662921348,546733.3333333334,553000.0,,,17.61099976960838,7.313886831633462,20.524936843226005,13.223115088821102,,,,,,,,,0,553000.0,17.61099976960838,13.223115088821102,20.524936843226005,3.7612001156935624,q2,5
129,luissuarez9,85,970.0,44200000.0,801800.0,0.96,414800.0,782500000.0,Unknown,0.0,801800.0,1.8140271493212667,0.0181402714932126,806701.030927835,801800.0,,,17.60423536967236,6.878326468291325,20.478004481656537,13.59461572638358,,,,,,,,,0,801799.9999999999,17.60423536967236,13.59461572638358,20.478004481656537,4.454347296253507,q2,11
130,gusttavolima,76,4900.0,43900000.0,475100.0,0.71,303900.0,2300000000.0,Brazil,0.0,475100.0,1.0822323462414578,0.0108223234624145,469387.7551020408,475100.0,,,17.597424900824443,8.497194544909547,21.556174960316294,13.071282691992836,,,,,,,,,0,475100.0,17.597424900824443,13.071282691992835,21.556174960316298,4.343805421853684,q2,12
131,jannatzubair29,84,1600.0,43800000.0,1300000.0,2.18,944300.0,2200000000.0,Unknown,0.0,1300000.0,2.968036529680365,0.0296803652968036,1375000.0,1300000.0,,,17.595144398177723,7.378383712996714,21.511723197765228,14.077875591662238,,,,,,,,,0,1300000.0,17.595144398177723,14.077875591662238,21.511723197765228,4.442651256490317,q2,14
132,varundvn,84,1900.0,43800000.0,1100000.0,1.48,640500.0,2000000000.0,India,0.0,1100000.0,2.5114155251141552,0.0251141552511415,1052631.5789473683,1100000.0,,,17.595144398177723,7.550135342488429,21.41641301800636,13.910821646859096,,,,,,,,,0,1100000.0,17.595144398177723,13.910821646859095,21.416413018006356,4.442651256490317,q2,8
133,hrithikroshan,85,580.0,43700000.0,1600000.0,3.82,1600000.0,949900000.0,CÃ´te d'Ivoire,0.0,1600000.0,3.6613272311212817,0.0366132723112128,1637758.6206896552,1600000.0,,,17.592858682949114,6.364750756851911,20.671867274913154,14.285514812209817,,,,,,,,,0,1600000.0,17.592858682949114,14.285514812209815,20.671867274913154,4.454347296253507,q2,13
134,nickyjampr,81,10000.0,43400000.0,381600.0,0.33,139300.0,3800000000.0,Colombia,0.0,381600.0,0.87926267281106,0.0087926267281106,380000.0,381600.0,,,17.585970022112107,9.210440366976515,22.05826690394191,12.852130839097908,,,,,,,,,0,381600.0,17.585970022112107,12.852130839097908,22.05826690394191,4.406719247264253,q2,10
135,buzzfeedtasty,85,8900.0,43200000.0,65099.99999999999,0.02,7700.0,580700000.0,Spain,0.0,65099.99999999999,0.1506944444444444,0.0015069444444444,65247.19101123596,65099.99999999999,,,17.581351076362488,9.093918908958932,20.179744832064337,11.083695189061784,,,,,,,,,0,65099.99999999999,17.581351076362488,11.083695189061785,20.179744832064337,4.454347296253507,q2,13
136,brunamarquezine,84,3000.0,43100000.0,969700.0,1.05,444200.0,2900000000.0,United States,0.0,969700.0,2.2498839907192574,0.0224988399071925,966666.6666666666,969700.0,,,17.579033578275833,8.006700845440367,21.787976574283668,13.784743055538884,,,,,,,,,0,969700.0,17.579033578275833,13.784743055538883,21.787976574283668,4.442651256490317,q2,15
137,caradelevingne,86,4400.0,42900000.0,790200.0,0.43,181000.0,3500000000.0,United States,0.0,790200.0,1.841958041958042,0.0184195804195804,795454.5454545454,790200.0,,,17.57438240720827,8.38958706681109,21.97602880572749,13.58004262246103,,,,,,,,,0,790200.0,17.57438240720827,13.58004262246103,21.976028805727495,4.465908118654584,q2,14
138,kapilsharma,83,950.0,42200000.0,736400.0,1.49,624500.0,710700000.0,Unknown,0.0,736400.0,1.7450236966824646,0.0174502369668246,748105.2631578947,736400.0,,,17.557930802702924,6.85751406254539,20.381760959204183,13.509530086297769,,,,,,,,,0,736400.0,17.557930802702924,13.509530086297769,20.381760959204186,4.430816798843313,q2,11
139,badbunnypr,83,10.0,42100000.0,3700000.0,13.09,5400000.0,67500000.0,Unknown,0.0,3700000.0,8.788598574821853,0.0878859857482185,6750000.0,3700000.0,,,17.555558322405577,2.3978952727983707,18.02763817065757,15.123843647884687,,,,,,,,,0,3700000.0,17.555558322405577,15.123843647884687,18.02763817065757,4.430816798843313,q2,10
140,britneyspears,80,3000.0,42100000.0,513100.0,0.55,221700.0,1600000000.0,Turkey,0.0,513100.0,1.2187648456057008,0.012187648456057,533333.3333333334,513100.0,,,17.555558322405577,8.006700845440367,21.193269466817146,13.148227985865988,,,,,,,,,0,513100.0,17.555558322405577,13.148227985865987,21.193269466817146,4.394449154672439,q2,13
141,j.m,83,20.0,41900000.0,14200000.0,26.41,11000000.0,368100000.0,Unknown,0.0,14200000.0,33.89021479713604,0.3389021479713603,18405000.0,14200000.0,,,17.550796408758714,3.044522437723423,19.7238652010659,16.468752592994022,,,,,,,,,0,14200000.0,17.550796408758714,16.468752592994022,19.7238652010659,4.430816798843313,q2,3
142,mariliamendoncacantora,73,1400.0,41800000.0,1000000.0,1.98,818600.0,1500000000.0,Brazil,0.0,1000000.0,2.392344497607656,0.0239234449760765,1071428.5714285714,1000000.0,,,17.54840692141843,7.244941546337007,21.12873094572124,13.815511557963774,,,,,,,,,0,1000000.0,17.54840692141843,13.815511557963774,21.12873094572124,4.30406509320417,q2,22
143,norafatehi,83,1700.0,41600000.0,1400000.0,1.76,727500.0,2300000000.0,Anguilla,0.0,1400000.0,3.3653846153846154,0.0336538461538461,1352941.1764705882,1400000.0,,,17.543610749269952,7.438971592395862,21.556174960316294,14.151983508870948,,,,,,,,,0,1400000.0,17.543610749269952,14.151983508870947,21.556174960316298,4.430816798843313,q2,10
144,theweeknd,83,670.0,41500000.0,1100000.0,3.97,1600000.0,767000000.0,Unknown,0.0,1100000.0,2.6506024096385543,0.0265060240963855,1144776.119402985,1100000.0,,,17.541204009297314,6.508769136971682,20.45799736063531,13.910821646859096,,,,,,,,,0,1100000.0,17.541204009297314,13.910821646859095,20.45799736063531,4.430816798843313,q2,9
145,dior,85,9700.0,41500000.0,88800.0,0.16,63600.0,863000000.0,Unknown,0.0,88800.0,0.2139759036144578,0.0021397590361445,88969.07216494845,88800.0,,,17.541204009297314,9.179984251961285,20.57592525020645,11.394153190178114,,,,,,,,,0,88800.0,17.541204009297314,11.394153190178114,20.57592525020645,4.454347296253507,q2,4
146,ranveersingh,85,1800.0,40800000.0,1000000.0,0.76,299300.0,1800000000.0,Switzerland,0.0,1000000.0,2.450980392156863,0.0245098039215686,1000000.0,1000000.0,,,17.524192663884193,7.496097345175956,21.311052502404085,13.815511557963774,,,,,,,,,0,1000000.0,17.524192663884193,13.815511557963774,21.311052502404085,4.454347296253507,q2,12
147,marinaruybarbosa,81,2100.0,40700000.0,586400.0,0.01,0.0,1200000000.0,Brazil,0.0,586400.0,1.4407862407862408,0.0144078624078624,571428.5714285715,586400.0,,,17.52173867498285,7.650168700845001,20.9055873945737,13.281759134873726,,,,,,,,,0,586400.0,17.52173867498285,13.281759134873726,20.9055873945737,4.406719247264253,q2,16
148,jenniferaniston,85,90.0,40700000.0,4600000.0,1.88,731000.0,452000000.0,Unknown,0.0,4600000.0,11.302211302211305,0.113022113022113,5022222.222222222,4600000.0,,,17.52173867498285,4.51085950651685,19.929192740008894,15.341567078850604,,,,,,,,,0,4600000.0,17.52173867498285,15.341567078850604,19.929192740008894,4.454347296253507,q2,15
149,addisonraee,85,300.0,40100000.0,3100000.0,2.49,994400.0,957900000.0,Unknown,0.0,3100000.0,7.73067331670823,0.0773067331670823,3193000.0,3100000.0,,,17.50688691721445,5.707110264748875,20.68025394739707,14.946912992035967,,,,,,,,,0,3100000.0,17.50688691721445,14.946912992035967,20.68025394739707,4.454347296253507,q2,11
150,andresiniesta8,85,2000.0,40000000.0,250800.0,0.41,161700.0,500500000.0,Spain,0.0,250800.0,0.627,0.00627,250250.0,250800.0,,,17.50439003707821,7.601402334583733,20.03111815871755,12.432415074973784,,,,,,,,,0,250800.00000000003,17.50439003707821,12.432415074973783,20.03111815871755,4.454347296253507,q1_small,14
151,princessyahrini,81,4500.0,40000000.0,118300.0,0.22,87400.0,529900000.0,Indonesia,0.0,118300.0,0.29575,0.0029575,117755.55555555556,118300.0,,,17.50439003707821,8.412054873292933,20.08819886935014,11.680987503016128,,,,,,,,,0,118300.0,17.50439003707821,11.680987503016127,20.08819886935014,4.406719247264253,q1_small,15
152,liverpoolfc,75,10000.0,39900000.0,346700.0,0.42,162900.0,3500000000.0,United Kingdom,0.0,346700.0,0.8689223057644111,0.0086892230576441,350000.0,346700.0,,,17.50188690692275,9.210440366976515,21.97602880572749,12.756218016007,,,,,,,,,0,346700.00000000006,17.50188690692275,12.756218016006999,21.976028805727495,4.330733340286331,q1_small,11
153,teddysphotos,80,2300.0,39900000.0,715500.0,0.46,181100.0,1700000000.0,United States,0.0,715500.0,1.7932330827067668,0.0179323308270676,739130.4347826086,715500.0,,,17.50188690692275,7.741099090035366,21.253894088596816,13.480738275601706,,,,,,,,,0,715499.9999999999,17.50188690692275,13.480738275601706,21.253894088596816,4.394449154672439,q1_small,12
154,worldstar,78,11600.0,39200000.0,157400.0,0.23,84400.0,1800000000.0,United States,0.0,157400.0,0.4015306122448979,0.0040153061224489,155172.41379310345,157400.0,,,17.484187330270895,9.358846580275406,21.311052502404085,11.96655196818541,,,,,,,,,0,157400.0,17.484187330270895,11.96655196818541,21.311052502404085,4.3694478524670215,q1_small,9
155,natashawilona12,84,1200.0,39200000.0,486500.0,0.59,227700.0,563900000.0,Unknown,0.0,486500.0,1.2410714285714286,0.0124107142857142,469916.6666666667,486500.0,,,17.484187330270895,7.090909822079984,20.150387490550774,13.094994236104542,,,,,,,,,0,486500.0,17.484187330270895,13.094994236104542,20.150387490550774,4.442651256490317,q1_small,15
156,mahi7781,58,100.0,39100000.0,4100000.0,0.17,0.0,439400000.0,Unknown,0.0,4100000.0,10.485933503836316,0.1048593350383631,4394000.0,4100000.0,,,17.48163305053104,4.61512051684126,19.900920720190616,15.226497775576943,,,,,,,,,0,4100000.0,17.48163305053104,15.226497775576945,19.900920720190616,4.07753744390572,q1_small,8
157,georginagio,74,730.0,39100000.0,2200000.0,8.56,3300000.0,1600000000.0,Unknown,0.0,2200000.0,5.626598465473146,0.0562659846547314,2191780.821917808,2200000.0,,,17.48163305053104,6.594413459749778,21.193269466817146,14.603968372873895,,,,,,,,,0,2200000.0,17.48163305053104,14.603968372873895,21.193269466817146,4.31748811353631,q1_small,11
158,cznburak,80,1800.0,39000000.0,815800.0,1.01,383300.0,1400000000.0,Unknown,0.0,815800.0,2.091794871794872,0.0209179487179487,777777.7777777778,815800.0,,,17.479072229734946,7.496097345175956,21.05973807428191,13.61192573165548,,,,,,,,,0,815800.0,17.479072229734946,13.611925731655479,21.05973807428191,4.394449154672439,q1_small,8
159,chrissyteigen,79,5100.0,38900000.0,623100.0,0.43,162100.0,3200000000.0,United States,0.0,623100.0,1.6017994858611824,0.0160179948586118,627450.9803921569,623100.0,,,17.476504834295614,8.537191877922927,21.886416647064596,13.342463903409858,,,,,,,,,0,623100.0,17.476504834295614,13.342463903409858,21.886416647064593,4.382026634673881,q1_small,13
160,ruben_onsu,75,13400.0,38800000.0,139300.0,0.13,49100.0,1900000000.0,Indonesia,0.0,139300.0,0.359020618556701,0.003590206185567,141791.0447761194,139300.0,,,17.473930830366697,9.503084610020228,21.36511972364512,11.844392338493028,,,,,,,,,0,139300.0,17.473930830366697,11.844392338493027,21.365119723645122,4.330733340286331,q1_small,10
161,wizkhalifa,80,500.0,38700000.0,398700.0,0.31,115700.0,199800000.0,United States,0.0,398700.0,1.0302325581395348,0.0103023255813953,399600.0,398700.0,,,17.471350183839803,6.2166061010848646,19.11282742918373,12.895967041517792,,,,,,,,,0,398700.00000000006,17.471350183839803,12.895967041517792,19.11282742918373,4.394449154672439,q1_small,10
162,hm,83,7300.0,38500000.0,88400.0,0.06,22400.0,644100000.0,Sweden,0.0,88400.0,0.2296103896103896,0.0022961038961038,88232.87671232877,88400.0,,,17.46616882523204,8.895766604056085,20.283364553069674,11.389638560778948,,,,,,,,,0,88400.0,17.46616882523204,11.389638560778947,20.283364553069674,4.430816798843313,q1_small,2
163,anushkasen0408,85,5300.0,38300000.0,695400.0,1.75,658300.0,3700000000.0,Unknown,0.0,695400.0,1.8156657963446476,0.0181566579634464,698113.2075471698,695400.0,,,17.460960480260535,8.575650760987806,22.03159865686686,13.452243936576147,,,,,,,,,0,695400.0,17.460960480260535,13.452243936576147,22.03159865686686,4.454347296253507,q1_small,14
164,prattprattpratt,84,730.0,38300000.0,813500.0,1.0,363800.0,594700000.0,Unknown,0.0,813500.0,2.1240208877284594,0.0212402088772845,814657.5342465753,813500.0,,,17.460960480260535,6.594413459749778,20.203567636358343,13.609102434896776,,,,,,,,,0,813500.0,17.460960480260535,13.609102434896775,20.203567636358343,4.442651256490317,q1_small,15
165,marvelstudios,83,2700.0,38100000.0,594200.0,1.58,555900.0,1600000000.0,Unknown,0.0,594200.0,1.5595800524934382,0.0155958005249343,592592.5925925926,594200.0,,,17.455724866343648,7.901377353792616,21.193269466817146,13.294972924944268,,,,,,,,,0,594200.0,17.455724866343648,13.294972924944267,21.193269466817146,4.430816798843313,q1_small,13
166,wesleysafadao,80,8900.0,37400000.0,256100.00000000003,0.02,0.0,2300000000.0,Unknown,0.0,256100.00000000003,0.6847593582887701,0.0068475935828877,258426.96629213484,256100.00000000003,,,17.437181289122726,9.093918908958932,21.556174960316294,12.45332717690471,,,,,,,,,0,256100.00000000003,17.437181289122726,12.45332717690471,21.556174960316298,4.394449154672439,q1_small,13
167,parineetichopra,84,1300.0,37400000.0,505700.0,0.68,246900.0,672100000.0,Unknown,0.0,505700.0,1.3521390374331552,0.0135213903743315,517000.0,505700.0,,,17.437181289122726,7.170888478512505,20.325917698428068,13.13370086452311,,,,,,,,,0,505700.0,17.437181289122726,13.13370086452311,20.325917698428068,4.442651256490317,q1_small,15
168,rkive,83,110.0,37000000.0,10900000.0,1.902010050251256,0.0,1200000000.0,Unknown,0.0,10900000.0,29.45945945945946,0.2945945945945946,10909090.909090908,10900000.0,,,17.426428497635523,4.709530201312334,20.9055873945737,16.204273438942487,,,,,,,,,0,10900000.0,17.426428497635523,16.204273438942487,20.9055873945737,4.430816798843313,q1_small,5
169,laudyacynthiabella,76,380.0,36900000.0,172800.0,0.12,43400.0,66700000.0,Indonesia,0.0,172800.0,0.4682926829268292,0.0046829268292682,175526.31578947368,172800.0,,,17.423722136111028,5.942799375126701,18.01571552587836,12.059895922372384,,,,,,,,,0,172800.0,17.423722136111028,12.059895922372384,18.015715525878356,4.343805421853684,q1_small,18
170,antogriezmann,83,870.0,36500000.0,1100000.0,0.57,203600.0,955400000.0,France,0.0,1100000.0,3.0136986301369864,0.0301369863013698,1098160.91954023,1100000.0,,,17.41282284594998,6.769641976852503,20.67764065996682,13.910821646859096,,,,,,,,,0,1100000.0,17.41282284594998,13.910821646859095,20.67764065996682,4.430816798843313,q1_small,13
171,gisel_la,85,9900.0,36500000.0,150500.0,0.1,33400.0,1500000000.0,Unknown,0.0,150500.0,0.4123287671232876,0.0041232876712328,151515.15151515152,150500.0,,,17.41282284594998,9.200391041122517,21.12873094572124,11.921725007667265,,,,,,,,,0,150500.0,17.41282284594998,11.921725007667265,21.12873094572124,4.454347296253507,q1_small,8
172,eminem,84,660.0,36400000.0,1100000.0,2.69,962700.0,730100000.0,United States,0.0,1100000.0,3.021978021978022,0.0302197802197802,1106212.121212121,1100000.0,,,17.410079360079497,6.493753839851686,20.40869207039599,13.910821646859096,,,,,,,,,0,1100000.0,17.410079360079497,13.910821646859095,20.40869207039599,4.442651256490317,q1_small,6
173,mercedesbenz,77,10000.0,36000000.0,197900.0,0.18,64599.99999999999,2000000000.0,British Virgin Islands,0.0,197900.0,0.5497222222222222,0.0054972222222222,200000.0,197900.0,,,17.399029524198163,9.210440366976515,21.41641301800636,12.19552218463499,,,,,,,,,0,197900.0,17.399029524198163,12.19552218463499,21.416413018006356,4.356708826689592,q1_small,12
174,colesprouse,81,1200.0,35900000.0,2200000.0,2.34,834500.0,2600000000.0,Unknown,0.0,2200000.0,6.128133704735376,0.0612813370473537,2166666.6666666665,2200000.0,,,17.39624788131366,7.090909822079984,21.678777282358464,14.603968372873895,,,,,,,,,0,2200000.0,17.39624788131366,14.603968372873895,21.678777282358464,4.406719247264253,q1_small,11
175,nattinatasha,47,30.0,35900000.0,518100.0,0.8,285900.0,18700000.0,Czech Republic,0.0,518100.0,1.443175487465181,0.0144317548746518,623333.3333333334,518100.0,,,17.39624788131366,3.4339872044851463,16.74403413530075,13.157925482930336,,,,,,,,,0,518100.0,17.39624788131366,13.157925482930336,16.74403413530075,3.871201010907891,q1_small,12
176,shahidkapoor,82,1100.0,35600000.0,1300000.0,2.54,780000.0,1500000000.0,Unknown,0.0,1300000.0,3.651685393258427,0.0365168539325842,1363636.3636363635,1300000.0,,,17.387856223912145,7.00397413672268,21.12873094572124,14.077875591662238,,,,,,,,,0,1300000.0,17.387856223912145,14.077875591662238,21.12873094572124,4.418840607796598,q1_small,12
177,tigerjackieshroff,83,2100.0,35600000.0,1100000.0,1.2,422900.0,2200000000.0,India,0.0,1100000.0,3.089887640449438,0.0308988764044943,1047619.0476190476,1100000.0,,,17.387856223912145,7.650168700845001,21.511723197765228,13.910821646859096,,,,,,,,,0,1100000.0,17.387856223912145,13.910821646859095,21.511723197765228,4.430816798843313,q1_small,17
178,kimberly.loaiza,78,590.0,35500000.0,2600000.0,5.23,1800000.0,1600000000.0,Mexico,0.0,2600000.0,7.323943661971831,0.0732394366197183,2711864.406779661,2600000.0,,,17.385043282614657,6.3818160174060985,21.193269466817146,14.77102238760702,,,,,,,,,0,2600000.0,17.385043282614657,14.77102238760702,21.193269466817146,4.3694478524670215,q1_small,15
179,barackobama,81,660.0,35400000.0,1100000.0,1.19,411500.0,739500000.0,United States,0.0,1100000.0,3.1073446327683616,0.0310734463276836,1120454.5454545454,1100000.0,,,17.38222240635259,6.493753839851686,20.421484841467397,13.910821646859096,,,,,,,,,0,1100000.0,17.38222240635259,13.910821646859095,20.421484841467393,4.406719247264253,q1_small,11
180,sachintendulkar,76,1000.0,35300000.0,800400.0,2.03,664500.0,810000000.0,Unknown,0.0,800400.0,2.26742209631728,0.0226742209631728,810000.0,800400.0,,,17.379393550232137,6.90875477931522,20.512544806865325,13.592868131066249,,,,,,,,,0,800400.0,17.379393550232137,13.592868131066247,20.512544806865325,4.343805421853684,q1_small,15
181,simonemendes,72,4400.0,35000000.0,420000.0,0.65,222900.0,1900000000.0,Brazil,0.0,420000.0,1.2,0.012,431818.1818181818,420000.0,,,17.370858648025116,8.38958706681109,21.36511972364512,12.948012371209098,,,,,,,,,0,420000.0,17.370858648025116,12.948012371209098,21.365119723645122,4.290459441148391,q1_small,12
182,ivetesangalo,84,7600.0,34800000.0,226400.0,0.36,121100.0,1700000000.0,Brazil,0.0,226400.0,0.6505747126436782,0.0065057471264367,223684.2105263158,226400.0,,,17.365127973480334,8.936035096566041,21.253894088596816,12.33006304226254,,,,,,,,,0,226400.0,17.365127973480334,12.330063042262541,21.253894088596816,4.442651256490317,q1_small,12
183,lunamaya,83,4100.0,34800000.0,145400.0,0.17,58600.0,589600000.0,Unknown,0.0,145400.0,0.417816091954023,0.0041781609195402,143804.8780487805,145400.0,,,17.365127973480334,8.31898612539206,20.194954900535468,11.887250721636995,,,,,,,,,0,145400.0,17.365127973480334,11.887250721636997,20.194954900535468,4.430816798843313,q1_small,8
184,toni.kr8s,83,940.0,34700000.0,597200.0,1.68,533500.0,561300000.0,Unknown,0.0,597200.0,1.7210374639769452,0.0172103746397694,597127.659574468,597200.0,,,17.36225027373553,6.846943139585379,20.145766081694006,13.300009019126682,,,,,,,,,0,597200.0,17.36225027373553,13.300009019126682,20.145766081694006,4.430816798843313,q1_small,9
185,dannapaola,68,1900.0,34700000.0,1500000.0,3.49,1200000.0,2800000000.0,Mexico,0.0,1500000.0,4.322766570605188,0.0432276657060518,1473684.2105263155,1500000.0,,,17.36225027373553,7.550135342488429,21.752885254484717,14.220976332738882,,,,,,,,,0,1500000.0,17.36225027373553,14.220976332738882,21.752885254484713,4.23410650459726,q1_small,10
186,paollaoliveirareal,84,4600.0,34700000.0,367800.0,0.57,192300.0,1700000000.0,Unknown,0.0,367800.0,1.059942363112392,0.0105994236311239,369565.2173913043,367800.0,,,17.36225027373553,8.434028950155469,21.253894088596816,12.815297310017613,,,,,,,,,0,367800.0,17.36225027373553,12.815297310017613,21.253894088596816,4.442651256490317,q1_small,18
187,blakelively,80,110.0,34600000.0,3100000.0,0.02,0.0,350900000.0,United States,0.0,3100000.0,8.959537572254336,0.0895953757225433,3190000.0,3100000.0,,,17.359364268929685,4.709530201312334,19.67601184340326,14.946912992035967,,,,,,,,,0,3100000.0,17.359364268929685,14.946912992035967,19.67601184340326,4.394449154672439,q1_small,11
188,adidasoriginals,83,150.0,34200000.0,136200.0,0.2,66800.0,21200000.0,Unknown,0.0,136200.0,0.3982456140350877,0.0039824561403508,141333.33333333334,136200.0,,,17.3477362312726,5.017279836814924,16.86951178681205,11.821887014814502,,,,,,,,,0,136200.0,17.3477362312726,11.821887014814502,16.86951178681205,4.430816798843313,q1_small,15
189,disney,77,7300.0,34200000.0,185200.0,0.44,132000.0,1400000000.0,United States,0.0,185200.0,0.5415204678362573,0.0054152046783625,191780.8219178082,185200.0,,,17.3477362312726,8.895766604056085,21.05973807428191,12.129197000747672,,,,,,,,,0,185200.0,17.3477362312726,12.129197000747673,21.05973807428191,4.356708826689592,q1_small,6
190,shaymitchell,83,6300.0,34100000.0,732400.0,0.73,247500.0,4600000000.0,United States,0.0,732400.0,2.147800586510264,0.0214780058651026,730158.7301587302,732400.0,,,17.344807971579257,8.748463629942055,22.24932214065885,13.504083457155671,,,,,,,,,0,732400.0,17.344807971579257,13.504083457155673,22.24932214065885,4.430816798843313,q1_small,12
191,bmw,79,9300.0,33700000.0,231300.0,0.23,76500.0,2200000000.0,Germany,0.0,231300.0,0.6863501483679525,0.0068635014836795,236559.13978494625,231300.0,,,17.33300842499618,9.137877200242468,21.511723197765228,12.351475171599722,,,,,,,,,0,231300.0,17.33300842499618,12.351475171599722,21.511723197765228,4.382026634673881,q1_small,3
192,danbilzerian,84,1400.0,33600000.0,2000000.0,3.58,1200000.0,2800000000.0,Canada,0.0,2000000.0,5.952380952380952,0.0595238095238095,2000000.0,2000000.0,,,17.330036654695338,7.244941546337007,21.752885254484717,14.508658238524095,,,,,,,,,0,2000000.0,17.330036654695338,14.508658238524095,21.752885254484713,4.442651256490317,q1_small,12
193,khabib_nurmagomedov,63,4500.0,33500000.0,685100.0,0.67,220700.0,3100000000.0,Russia,0.0,685100.0,2.045074626865672,0.0204507462686567,688888.8888888889,685100.0,,,17.32705602664604,8.412054873292933,21.85466794876009,13.437321551630854,,,,,,,,,0,685100.0,17.32705602664604,13.437321551630854,21.854667948760092,4.1588830833596715,q1_small,19
194,zidane,41,370.0,33500000.0,1100000.0,1.61,532700.0,391900000.0,France,0.0,1100000.0,3.2835820895522385,0.0328358208955223,1059189.189189189,1100000.0,,,17.32705602664604,5.916202062607435,19.78651726572153,13.910821646859096,,,,,,,,,0,1100000.0,17.32705602664604,13.910821646859095,19.786517265721532,3.7376696182833684,q1_small,6
195,sonamkapoor,75,4800.0,33300000.0,264700.0,0.63,209200.0,1300000000.0,India,0.0,264700.0,0.794894894894895,0.0079489489489489,270833.3333333333,264700.0,,,17.3210679849807,8.476579508530941,20.985630102183134,12.486356166069786,,,,,,,,,0,264700.0,17.3210679849807,12.486356166069786,20.985630102183134,4.330733340286331,q1_small,11
196,iambeckyg,71,2300.0,33200000.000000004,623800.0,1.4,464700.0,1400000000.0,United States,0.0,623800.0,1.8789156626506025,0.018789156626506,608695.6521739131,623800.0,,,17.3180604640072,7.741099090035366,21.05973807428191,13.343586686232465,,,,,,,,,0,623800.0,17.3180604640072,13.343586686232465,21.05973807428191,4.276666119016055,q1_small,9
197,nancyajram,81,3800.0,33200000.000000004,390400.0,0.64,208000.0,1500000000.0,France,0.0,390400.0,1.1759036144578312,0.0117590361445783,394736.8421052632,390400.0,,,17.3180604640072,8.24301946898925,21.12873094572124,12.874929694993204,,,,,,,,,0,390400.0,17.3180604640072,12.874929694993204,21.12873094572124,4.406719247264253,q1_small,10
198,luansantana,79,770.0,33200000.000000004,193300.0,0.26,82600.0,149200000.0,Brazil,0.0,193300.0,0.5822289156626506,0.0058222891566265,193766.23376623372,193300.0,,,17.3180604640072,6.647688373563329,18.820798252436347,12.172003838488784,,,,,,,,,0,193300.0,17.3180604640072,12.172003838488783,18.820798252436347,4.382026634673881,q1_small,11
199,nickjonas,78,2300.0,33000000.0,719600.0,1.42,467700.0,1700000000.0,United States,0.0,719600.0,2.1806060606060607,0.0218060606060606,739130.4347826086,719600.0,,,17.312018149733785,7.741099090035366,21.253894088596816,13.486452170718472,,,,,,,,,0,719600.0,17.312018149733785,13.486452170718472,21.253894088596816,4.3694478524670215,q1_small,9
200,raisa6690,80,4200.0,32800000.0,232200.0,0.3,97400.0,969100000.0,Indonesia,0.0,232200.0,0.7079268292682928,0.0070792682926829,230738.09523809524,232200.0,,,17.305939103842178,8.343077871169383,20.691878364736663,12.355358654868867,,,,,,,,,0,232200.0,17.305939103842178,12.355358654868867,20.691878364736663,4.394449154672439,q1_small,9
