rank,channel_info,influence_score,posts,followers,avg_likes,60_day_eng_rate,new_post_avg_like,total_likes,country,avg_comments,engagement,engagement_rate_pct,engagement_rate_decimal,likes_per_post_from_total,likes_per_post,following,followers_following_ratio,log1p_followers,log1p_posts,log1p_total_likes,log1p_likes_per_post,caption_len,hashtag_count,mention_count,url_count,days_since_last_post,account_age_days,posts_per_day,posts_per_month,verified_binary,followers_times_engrate
1,cristiano,92,3300.0,475800000.0,8700000.0,1.39,6500000.0,29000000000.0,Spain,0.0,8700000.0,1.8284993694829759,0.01828499369482976,8787878.787878787,8700000.0,,,19.980508157934853,8.101980731853192,24.090561666967368,15.978833698567334,,,,,,,,,0,8700000.0
2,kyliejenner,91,6900.0,366200000.0,8300000.000000001,1.62,5900000.0,57400000000.0,United States,0.0,8300000.000000001,2.2665210267613327,0.02266521026761333,8318840.579710145,8300000.000000001,,,19.718690192935433,8.839421607620602,24.773310140289354,15.931766193248746,,,,,,,,,0,8300000.000000001
3,leomessi,90,890.0,357300000.0,6800000.0,1.24,4400000.0,6000000000.0,Unknown,0.0,6800000.0,1.9031626084522808,0.01903162608452281,6741573.0337078655,6800000.0,,,19.694086325792405,6.792344427470809,22.515025306341133,15.732433317205148,,,,,,,,,0,6799999.999999999
4,selenagomez,93,1800.0,342700000.0,6200000.0,0.97,3300000.0,11500000000.0,United States,0.0,6200000.0,1.8091625328275458,0.01809162532827546,6388888.888888889,6200000.0,,,19.652365989762842,7.496097345175956,23.165612872402573,15.64006001130563,,,,,,,,,0,6200000.0
5,therock,91,6800.0,334100000.0,1900000.0,0.2,665300.0,12500000000.0,United States,0.0,1900000.0,0.5686920083807243,0.005686920083807243,1838235.294117647,1900000.0,,,19.6269509103201,8.824824939175638,23.248994481334666,14.45736497045232,,,,,,,,,0,1900000.0
6,kimkardashian,91,5600.0,329200000.0,3500000.0,0.88,2900000.0,19900000000.0,United States,0.0,3500000.0,1.06318347509113,0.0106318347509113,3553571.4285714286,3500000.0,,,19.612176029804857,8.630700432209832,23.71398556872711,15.068273812173887,,,,,,,,,0,3500000.0
7,arianagrande,92,5000.0,327700000.0,3700000.0,1.2,3900000.0,18400000000.0,United States,0.0,3700000.0,1.1290814769606348,0.011290814769606347,3680000.0,3700000.0,,,19.607609116720614,8.517393171418904,23.635616501615697,15.123843647884687,,,,,,,,,0,3700000.0
8,beyonce,92,2000.0,272800000.0,3600000.0,0.76,2000000.0,7400000000.0,United States,0.0,3600000.0,1.3196480938416422,0.013196480938416423,3700000.0,3600000.0,,,19.42424948759927,7.601402334583733,22.72474583729167,15.096444681204078,,,,,,,,,0,3600000.0
9,khloekardashian,89,4100.0,268300000.0,2400000.0,0.35,926900.0,9800000000.0,United States,0.0,2400000.0,0.8945210585165859,0.008945210585165859,2390243.9024390243,2400000.0,,,19.407616319123022,8.31898612539206,23.00564822272498,14.690979711984754,,,,,,,,,0,2400000.0
10,justinbieber,91,7400.0,254500000.0,1900000.0,0.59,1500000.0,13900000000.0,Canada,0.0,1900000.0,0.7465618860510805,0.007465618860510805,1878378.3783783785,1900000.0,,,19.354811397884124,8.909370405197466,23.355154677155,14.45736497045232,,,,,,,,,0,1900000.0
11,kendalljenner,90,660.0,254000000.0,5500000.0,2.04,5100000.0,3700000000.0,United States,0.0,5500000.0,2.1653543307086616,0.021653543307086614,5606060.606060606,5500000.0,,,19.352844828919817,6.493753839851686,22.03159865686686,15.520258832020865,,,,,,,,,0,5500000.0
12,natgeo,91,10000.0,237000000.0,302200.0,0.07,159300.0,3000000000.0,United States,0.0,302200.0,0.12751054852320676,0.0012751054852320675,300000.0,302200.0,,,19.283570703318816,9.210440366976517,21.821878125947855,12.618847637882144,,,,,,,,,0,302200.0
13,nike,90,950.0,234100000.0,329000.0,0.08,181800.0,313600000.0,United States,0.0,329000.0,0.14053823152498932,0.0014053823152498932,330105.2631578947,329000.0,,,19.271258936732817,6.85751406254539,19.563628849629303,12.703816069256568,,,,,,,,,0,329000.0
14,taylorswift,91,530.0,222200000.0,2400000.0,1.01,2300000.0,1300000000.0,United States,0.0,2400000.0,1.08010801080108,0.010801080108010801,2452830.1886792453,2400000.0,,,19.219088439670255,6.274762021241939,20.985630102183134,14.690979711984754,,,,,,,,,0,2400000.0
15,jlo,89,3200.0,220400000.0,1700000.0,0.62,1400000.0,5300000000.0,United States,0.0,1700000.0,0.7713248638838476,0.007713248638838476,1656250.0,1700000.0,,,19.210954639780237,8.071218539969863,22.390972657693165,14.346139397261565,,,,,,,,,0,1700000.0
16,virat.kohli,87,1400.0,211800000.0,3500000.0,0.96,2000000.0,4900000000.0,Unknown,0.0,3500000.0,1.6525023607176583,0.016525023607176583,3500000.0,3500000.0,,,19.171152995853017,7.244941546337007,22.312501042267073,15.068273812173887,,,,,,,,,0,3500000.0000000005
17,nickiminaj,90,6400.0,201600000.0,2100000.0,0.53,1000000.0,13500000000.0,United States,0.0,2100000.0,1.0416666666666665,0.010416666666666666,2109375.0,2100000.0,,,19.121796099121806,8.764209507142004,23.32595552246487,14.557448378884015,,,,,,,,,0,2100000.0
18,kourtneykardash,89,4400.0,195200000.0,1800000.0,0.67,1300000.0,7700000000.0,United States,0.0,1800000.0,0.9221311475409836,0.009221311475409836,1750000.0,1800000.0,,,19.08953523706622,8.38958706681109,22.76448616593592,14.403297778421795,,,,,,,,,0,1800000.0
19,mileycyrus,89,1200.0,181500000.0,1300000.0,0.51,913600.0,1600000000.0,Unknown,0.0,1300000.0,0.7162534435261708,0.007162534435261708,1333333.3333333333,1300000.0,,,19.016766217178823,7.0909098220799835,21.193269466817146,14.077875591662238,,,,,,,,,0,1300000.0
20,neymarjr,90,5300.0,177100000.0,2700000.0,1.09,1900000.0,14100000000.0,Brazil,0.0,2700000.0,1.5245623941276116,0.015245623941276116,2660377.3584905663,2700000.0,,,18.99222510839959,8.575650760987806,23.369440634401457,14.80876270134486,,,,,,,,,0,2700000.0
21,katyperry,92,2000.0,170300000.0,715000.0,0.16,265100.0,1500000000.0,Unknown,0.0,715000.0,0.41984732824427484,0.004198473282442748,750000.0,715000.0,,,18.95307215150491,7.601402334583733,21.12873094572124,13.480039220276565,,,,,,,,,0,715000.0
22,kevinhart4real,88,8200.0,152000000.0,522000.0,0.08,115200.0,4300000000.0,United States,0.0,522000.0,0.34342105263157896,0.0034342105263157896,524390.243902439,522000.0,,,18.839391085389497,9.012011377036412,22.181880859878486,13.165424782571753,,,,,,,,,0,522000.0
23,zendaya,87,3500.0,150700000.0,5800000.0,3.17,4800000.0,20600000000.0,United States,0.0,5800000.0,3.8487060384870606,0.038487060384870604,5885714.285714285,5800000.0,,,18.830801670232425,8.160803920954665,23.74855691279049,15.573368647930426,,,,,,,,,0,5800000.0
24,iamcardib,75,1600.0,140500000.0,3100000.0,1.1,1500000.0,5000000000.0,United States,0.0,3100000.0,2.206405693950178,0.02206405693950178,3125000.0,3100000.0,,,18.760718053855513,7.3783837129967145,22.33270374958051,14.946912992035967,,,,,,,,,0,3100000.0
25,ddlovato,88,80.0,139100000.0,1100000.0,0.27,363400.0,91300000.0,United States,0.0,1100000.0,0.7907979870596693,0.007907979870596693,1141250.0,1100000.0,,,18.750703664082742,4.394449154672439,18.3296613565181,13.910821646859095,,,,,,,,,0,1100000.0
26,badgalriri,88,4800.0,135300000.0,3700000.0,0.02,0.0,17900000000.0,United States,0.0,3700000.0,2.7346637102734666,0.027346637102734665,3729166.6666666665,3700000.0,,,18.723005100532,8.476579508530941,23.608066549848985,15.123843647884687,,,,,,,,,0,3700000.0
27,kingjames,86,2300.0,130900000.0,2100000.0,0.92,1200000.0,4900000000.0,Unknown,0.0,2100000.0,1.6042780748663104,0.016042780748663103,2130434.782608696,2100000.0,,,18.689944238519548,7.741099090035366,22.312501042267073,14.557448378884015,,,,,,,,,0,2100000.0
28,theellenshow,87,10000.0,125100000.0,420500.0,0.07,81700.0,4200000000.0,United States,0.0,420500.0,0.3361310951239009,0.0033613109512390087,420000.0,420500.0,,,18.644623983430744,9.210440366976517,22.15835036247383,12.949202136513597,,,,,,,,,0,420500.0
29,realmadrid,90,6900.0,123400000.0,996200.0,0.48,588300.0,6800000000.0,Spain,0.0,996200.0,0.8072933549432739,0.00807293354943274,985507.2463768116,996200.0,,,18.63094167753929,8.839421607620602,22.64018844927553,13.811704323435311,,,,,,,,,0,996200.0000000001
30,champagnepapi,85,5200.0,119600000.0,1700000.0,1.1,1300000.0,9000000000.0,Netherlands,0.0,1700000.0,1.4214046822742474,0.014214046822742474,1730769.2307692308,1700000.0,,,18.59966340784201,8.556606193773073,22.920490414393743,14.346139397261565,,,,,,,,,0,1700000.0
31,chrisbrownofficial,86,7300.0,118500000.0,463200.0,0.22,255900.0,3400000000.0,United States,0.0,463200.0,0.39088607594936714,0.003908860759493671,465753.4246575342,463200.0,,,18.590423526978277,8.895766604056085,21.947041268862645,13.045916364133237,,,,,,,,,0,463200.00000000006
32,fcbarcelona,90,10000.0,111400000.0,1200000.0,0.64,706300.0,11600000000.0,Unknown,0.0,1200000.0,1.0771992818671454,0.010771992818671455,1160000.0,1200000.0,,,18.52863789443412,9.210440366976517,23.174270935144936,13.997832948091215,,,,,,,,,0,1200000.0
33,billieeilish,73,690.0,105200000.0,8500000.0,5.02,5200000.0,5900000000.0,Unknown,0.0,8500000.0,8.079847908745247,0.08079847908745247,8550724.63768116,8500000.0,,,18.471373867773586,6.53813982376767,22.498218188027575,15.955576839107596,,,,,,,,,0,8500000.0
34,dualipa,74,1300.0,85900000.0,2100000.0,1.26,1100000.0,2600000000.0,United Kingdom,0.0,2100000.0,2.4447031431897557,0.024447031431897557,2000000.0,2100000.0,,,18.268694398595926,7.170888478512505,21.678777282358464,14.557448378884015,,,,,,,,,0,2100000.0
35,gal_gadot,85,1700.0,85600000.0,1400000.0,0.69,586500.0,2300000000.0,United States,0.0,1400000.0,1.6355140186915886,0.016355140186915886,1352941.1764705882,1400000.0,,,18.265195852794214,7.438971592395862,21.556174960316298,14.151983508870947,,,,,,,,,0,1399999.9999999998
36,vindiesel,88,1800.0,82300000.0,1400000.0,0.6,482300.0,2500000000.0,United States,0.0,1400000.0,1.701093560145808,0.01701093560145808,1388888.888888889,1400000.0,,,18.225881677797968,7.496097345175956,21.639556569220566,14.151983508870947,,,,,,,,,0,1400000.0
37,nasa,88,3600.0,81300000.0,1200000.0,1.53,1200000.0,4200000000.0,United States,0.0,1200000.0,1.4760147601476015,0.014760147601476014,1166666.6666666667,1200000.0,,,18.21365658681816,8.188966863648876,22.15835036247383,13.997832948091215,,,,,,,,,0,1200000.0
38,priyankachopra,85,3600.0,81100000.0,1600000.0,1.0,802900.0,5600000000.0,United States,0.0,1600000.0,1.972872996300863,0.01972872996300863,1555555.5555555555,1600000.0,,,18.211193531416097,8.188966863648876,22.446032434866087,14.285514812209815,,,,,,,,,0,1600000.0
39,lalalalisa_m,70,870.0,80900000.0,5800000.0,9.0,7200000.0,5100000000.0,Unknown,0.0,5800000.0,7.169344870210136,0.07169344870210136,5862068.9655172415,5800000.0,,,18.20872439438966,6.769641976852503,22.35250637687277,15.573368647930426,,,,,,,,,0,5800000.0
40,Shakira,88,2000.0,76100000.0,975100.0,0.41,304700.0,1900000000.0,Unknown,0.0,975100.0,1.281340341655716,0.012813403416557161,950000.0,975100.0,,,18.147558835972518,7.601402334583733,21.365119723645122,13.790296334358526,,,,,,,,,0,975100.0
41,snoopdogg,86,10000.0,75300000.0,203700.0,0.17,125800.0,2000000000.0,Unknown,0.0,203700.0,0.27051792828685256,0.0027051792828685257,200000.0,203700.0,,,18.136990706050334,9.210440366976517,21.416413018006356,12.224408511383015,,,,,,,,,0,203700.0
42,gigihadid,85,3300.0,75300000.0,2500000.0,2.56,1900000.0,8199999999.999999,United States,0.0,2500000.0,3.3200531208499333,0.033200531208499334,2484848.4848484844,2500000.0,,,18.136990706050334,8.101980731853192,22.82739999133857,14.731801689838349,,,,,,,,,0,2500000.0
43,davidbeckham,86,1500.0,74900000.0,1200000.0,0.46,340900.0,1900000000.0,United States,0.0,1200000.0,1.602136181575434,0.01602136181575434,1266666.6666666667,1200000.0,,,18.131664461838582,7.313886831633462,21.365119723645122,13.997832948091215,,,,,,,,,0,1200000.0
44,shraddhakapoor,81,1900.0,73900000.0,1600000.0,1.17,859900.0,3000000000.0,Unknown,0.0,1600000.0,2.165087956698241,0.02165087956698241,1578947.3684210526,1600000.0,,,18.11822339945023,7.550135342488429,21.821878125947855,14.285514812209815,,,,,,,,,0,1600000.0000000002
45,victoriassecret,88,2900.0,73200000.0,147000.0,0.04,29800.0,423500000.0,United States,0.0,147000.0,0.20081967213114751,0.0020081967213114752,146034.4827586207,147000.0,,,18.108705992592743,7.972810784121404,19.86406407441766,11.898194668458823,,,,,,,,,0,147000.0
46,k.mbappe,86,1200.0,72700000.0,2500000.0,2.16,1600000.0,2800000000.0,Unknown,0.0,2500000.0,3.43878954607978,0.0343878954607978,2333333.3333333335,2500000.0,,,18.101851956258905,7.0909098220799835,21.752885254484713,14.731801689838349,,,,,,,,,0,2500000.0
47,nehakakkar,84,2300.0,70400000.0,1500000.0,0.54,370100.0,3500000000.0,India,0.0,1500000.0,2.130681818181818,0.02130681818181818,1521739.1304347827,1500000.0,,,18.069703835332817,7.741099090035366,21.976028805727495,14.220976332738882,,,,,,,,,0,1500000.0
48,nba,87,12900.0,70100000.0,370800.0,0.28,196900.0,4800000000.0,United States,0.0,370800.0,0.5289586305278174,0.005289586305278174,372093.0232558139,370800.0,,,18.065433366270153,9.465060106725137,22.29188175506859,12.82342080954183,,,,,,,,,0,370800.0
49,shawnmendes,83,2500.0,69900000.0,3500000.0,2.87,2000000.0,8800000000.0,Canada,0.0,3500000.0,5.007153075822604,0.05007153075822604,3520000.0,3500000.0,,,18.06257622151019,7.824445930877619,22.898017558544208,15.068273812173887,,,,,,,,,0,3500000.0
50,jennierubyjane,76,860.0,68900000.0,5100000.0,8.36,5700000.0,4400000000.0,Unknown,0.0,5100000.0,7.402031930333817,0.07402031930333818,5116279.069767442,5100000.0,,,18.048166750497675,6.7580945044277305,22.2048703780979,15.444751293772967,,,,,,,,,0,5100000.0
51,narendramodi,85,540.0,68900000.0,2900000.0,3.01,2000000.0,1600000000.0,India,0.0,2900000.0,4.2089985486211905,0.0420899854862119,2962962.962962963,2900000.0,,,18.048166750497675,6.293419278846481,21.193269466817146,14.88022163978423,,,,,,,,,0,2900000.0
52,aliaabhatt,82,1800.0,68700000.0,1800000.0,3.14,2100000.0,3300000000.0,India,0.0,1800000.0,2.6200873362445414,0.026200873362445413,1833333.3333333333,1800000.0,,,18.04525977174862,7.496097345175956,21.917188305721876,14.403297778421795,,,,,,,,,0,1800000.0
53,deepikapadukone,83,260.0,68400000.0,1600000.0,2.23,1500000.0,419000000.0,India,0.0,1600000.0,2.3391812865497075,0.023391812865497075,1611538.4615384615,1600000.0,,,18.04088339721266,5.564520407322694,19.853381480273047,14.285514812209815,,,,,,,,,0,1600000.0
54,tomholland2013,77,1200.0,67700000.0,5400000.0,10.83,7300000.0,6600000000.0,Unknown,0.0,5400000.0,7.976366322008863,0.07976366322008863,5500000.0,5400000.0,,,18.03059675265355,7.0909098220799835,22.610335486130307,15.501909696719672,,,,,,,,,0,5400000.0
55,ronaldinho,78,2900.0,67700000.0,872900.0,0.49,325700.0,2600000000.0,Brazil,0.0,872900.0,1.2893648449039883,0.012893648449039882,896551.724137931,872900.0,,,18.03059675265355,7.972810784121404,21.678777282358464,13.679577426329384,,,,,,,,,0,872900.0
56,emmawatson,87,340.0,67300000.0,1900000.0,0.01,0.0,639000000.0,United States,0.0,1900000.0,2.823179791976226,0.02823179791976226,1879411.7647058824,1900000.0,,,18.024670809473797,5.831882477283517,20.275415013906755,14.45736497045232,,,,,,,,,0,1900000.0
57,bts.bighitofficial,78,1200.0,66900000.00000001,4099999.9999999995,5.4,3600000.0,4900000000.0,Uruguay,0.0,4099999.9999999995,6.128550074738414,0.06128550074738414,4083333.3333333335,4099999.9999999995,,,18.01870954004614,7.0909098220799835,22.312501042267073,15.226497775576945,,,,,,,,,0,4099999.9999999995
58,katrinakaif,85,1000.0,66300000.0,1700000.0,2.25,1500000.0,1700000000.0,India,0.0,1700000.0,2.564102564102564,0.02564102564102564,1700000.0,1700000.0,,,18.009700470239046,6.90875477931522,21.253894088596816,14.346139397261565,,,,,,,,,0,1700000.0
59,marvel,82,7000.0,66200000.0,332300.0,0.51,339000.0,2300000000.0,Turkey,0.0,332300.0,0.501963746223565,0.0050196374622356495,328571.4285714286,332300.0,,,18.008191036012978,8.853808274977197,21.556174960316298,12.713796463667077,,,,,,,,,0,332300.0
60,justintimberlake,87,780.0,65900000.00000001,600400.0,0.3,189400.0,470700000.0,United States,0.0,600400.0,0.9110773899848255,0.009110773899848254,603461.5384615385,600400.0,,,18.00364901464724,6.660575149839686,19.969731508495865,13.305353044296353,,,,,,,,,0,600400.0
61,camila_cabello,77,2900.0,65000000.0,1900000.0,2.19,1400000.0,5400000000.0,United States,0.0,1900000.0,2.923076923076923,0.02923076923076923,1862068.9655172413,1900000.0,,,17.989897843244528,7.972810784121404,22.409664790701825,14.45736497045232,,,,,,,,,0,1900000.0
62,willsmith,82,1400.0,63900000.0,1400000.0,0.02,0.0,1900000000.0,United States,0.0,1400000.0,2.190923317683881,0.02190923317683881,1357142.857142857,1400000.0,,,17.972829934997215,7.244941546337007,21.365119723645122,14.151983508870947,,,,,,,,,0,1400000.0
63,raffinagita1717,83,17500.0,63500000.0,386900.0,0.58,366600.0,6800000000.0,Indonesia,0.0,386900.0,0.6092913385826771,0.006092913385826772,388571.4285714286,386900.0,,,17.96655047961095,9.770013301136158,22.64018844927553,12.86592412533246,,,,,,,,,0,386900.0
64,anitta,82,5100.0,63100000.0,855500.0,0.69,426200.0,4400000000.0,United States,0.0,855500.0,1.3557844690966718,0.013557844690966719,862745.0980392157,855500.0,,,17.9602313433593,8.537191877922927,22.2048703780979,13.659442541220773,,,,,,,,,0,855500.0
65,sooyaaa__,82,830.0,62900000.0,4500000.0,9.43,5900000.0,3800000000.0,Unknown,0.0,4500000.0,7.154213036565977,0.07154213036565978,4578313.253012048,4500000.0,,,17.95705673756892,6.7226297948554485,22.05826690394191,15.319588176962746,,,,,,,,,0,4500000.0
66,maluma,84,8200.0,62800000.0,1200000.0,1.12,696300.0,9800000000.0,Colombia,0.0,1200000.0,1.910828025477707,0.01910828025477707,1195121.9512195121,1200000.0,,,17.955465647361994,9.012011377036412,23.00564822272498,13.997832948091215,,,,,,,,,0,1200000.0
67,akshaykumar,85,1900.0,62800000.0,1500000.0,1.01,624900.0,2900000000.0,Unknown,0.0,1500000.0,2.388535031847134,0.02388535031847134,1526315.7894736843,1500000.0,,,17.955465647361994,7.550135342488429,21.787976574283668,14.220976332738882,,,,,,,,,0,1500000.0
68,jacquelinef143,85,2400.0,62700000.0,1100000.0,1.15,718800.0,2800000000.0,India,0.0,1100000.0,1.7543859649122806,0.017543859649122806,1166666.6666666667,1100000.0,,,17.95387202155211,7.783640596221253,21.752885254484713,13.910821646859095,,,,,,,,,0,1100000.0
69,psg,86,10000.0,61900000.0,500500.0,0.52,322200.0,5000000000.0,France,0.0,500500.0,0.808562197092084,0.00808562197092084,500000.0,500500.0,,,17.941030753809912,9.210440366976517,22.33270374958051,13.123364875737414,,,,,,,,,0,500500.0
70,roses_are_rosie,82,820.0,61800000.0,4600000.0,9.72,6000000.0,3800000000.0,Unknown,0.0,4600000.0,7.443365695792881,0.0744336569579288,4634146.341463415,4600000.0,,,17.93941393860915,6.710523109452428,22.05826690394191,15.341567078850604,,,,,,,,,0,4600000.0
71,manchesterunited,85,9900.0,59600000.0,381800.0,0.41,241600.0,3800000000.0,United Kingdom,0.0,381800.0,0.6406040268456376,0.006406040268456376,383838.38383838383,381800.0,,,17.9031661488141,9.200391041122515,22.05826690394191,12.852654809442695,,,,,,,,,0,381800.0
72,anushkasharma,85,1200.0,59500000.0,1900000.0,2.34,1400000.0,2200000000.0,Unknown,0.0,1900000.0,3.1932773109243695,0.031932773109243695,1833333.3333333333,1900000.0,,,17.90148688732258,7.0909098220799835,21.511723197765228,14.45736497045232,,,,,,,,,0,1899999.9999999998
73,whinderssonnunes,79,2700.0,58700000.0,1600000.0,0.58,323100.0,4400000000.0,Brazil,0.0,1600000.0,2.72572402044293,0.027257240204429302,1629629.6296296297,1600000.0,,,17.8879503018341,7.901377353792616,22.2048703780979,14.285514812209815,,,,,,,,,0,1600000.0
74,9gag,86,10000.0,58100000.0,672600.0,0.44,248600.0,6700000000.0,United States,0.0,672600.0,1.157659208261618,0.01157659208261618,670000.0,672600.0,,,17.877676239033843,9.210440366976517,22.625373363492585,13.418907565054967,,,,,,,,,0,672600.0
75,marcelotwelve,86,2700.0,58100000.0,690900.0,0.78,448300.0,1900000000.0,Brazil,0.0,690900.0,1.189156626506024,0.01189156626506024,703703.7037037037,690900.0,,,17.877676239033843,7.901377353792616,21.365119723645122,13.445751821863304,,,,,,,,,0,690900.0
76,milliebobbybrown,80,280.0,57600000.0,4000000.0,8.63,5000000.0,1100000000.0,United States,0.0,4000000.0,6.944444444444445,0.06944444444444445,3928571.4285714286,4000000.0,,,17.86903314302723,5.638354669333745,20.818576017659826,15.201805169084134,,,,,,,,,0,4000000.0
77,karimbenzema,42,2000.0,56900000.0,878500.0,1.62,918900.0,1800000000.0,Spain,0.0,878500.0,1.5439367311072056,0.015439367311072056,900000.0,878500.0,,,17.856805916671252,7.601402334583733,21.311052502404085,13.685972324912568,,,,,,,,,0,878500.0
78,chrishemsworth,86,880.0,55900000.0,2800000.0,3.69,2100000.0,2500000000.0,Australia,0.0,2800000.0,5.008944543828265,0.05008944543828265,2840909.090909091,2800000.0,,,17.839074956014414,6.78105762593618,21.639556569220566,14.845130332288226,,,,,,,,,0,2800000.0
79,karolg,83,3300.0,55600000.0,3100000.0,10.25,5700000.0,10100000000.0,India,0.0,3100000.0,5.575539568345324,0.05575539568345324,3060606.0606060605,3100000.0,,,17.833693777206424,8.101980731853192,23.035801260892637,14.946912992035967,,,,,,,,,0,3100000.0
80,paulpogba,80,1300.0,55200000.0,1400000.0,0.85,462600.0,1800000000.0,France,0.0,1400000.0,2.536231884057971,0.025362318840579712,1384615.3846153845,1400000.0,,,17.826473529363266,7.170888478512505,21.311052502404085,14.151983508870947,,,,,,,,,0,1400000.0
81,iamzlatanibrahimovic,86,870.0,55100000.0,1500000.0,1.53,837100.0,1300000000.0,Unknown,0.0,1500000.0,2.722323049001815,0.02722323049001815,1494252.8735632184,1500000.0,,,17.824660292271965,6.769641976852503,20.985630102183134,14.220976332738882,,,,,,,,,0,1500000.0
82,leonardodicaprio,86,1700.0,54600000.0,395500.0,0.2,107600.0,669300000.0,Unknown,0.0,395500.0,0.7243589743589743,0.0072435897435897435,393705.8823529412,395500.0,,,17.81554445903015,7.438971592395862,20.321742949564968,12.887908594631655,,,,,,,,,0,395500.0
83,juventus,87,10000.0,54500000.0,194800.0,0.25,135500.0,1900000000.0,Unknown,0.0,194800.0,0.35743119266055046,0.0035743119266055047,190000.0,194800.0,,,17.813711277982097,9.210440366976517,21.365119723645122,12.179733803647622,,,,,,,,,0,194800.0
84,zacefron,86,660.0,54500000.0,2300000.0,8.18,4400000.0,1500000000.0,United States,0.0,2300000.0,4.220183486238533,0.04220183486238532,2272727.272727273,2300000.0,,,17.813711277982097,6.493753839851686,21.12873094572124,14.648420115681892,,,,,,,,,0,2300000.0
85,bellahadid,79,3200.0,54100000.0,1100000.0,2.06,1100000.0,3600000000.0,United Kingdom,0.0,1100000.0,2.033271719038817,0.02033271719038817,1125000.0,1100000.0,,,17.806344762301,8.071218539969863,22.004199682686252,13.910821646859095,,,,,,,,,0,1100000.0
86,tatawerneck,86,5600.0,53900000.0,959800.0,0.51,266500.0,5400000000.0,Brazil,0.0,959800.0,1.7807050092764378,0.017807050092764377,964285.7142857143,959800.0,,,17.8026410544321,8.630700432209832,22.409664790701825,13.774481250289465,,,,,,,,,0,959799.9999999999
87,beingsalmankhan,76,1200.0,53500000.0,1400000.0,1.33,693900.0,1600000000.0,India,0.0,1400000.0,2.6168224299065423,0.026168224299065422,1333333.3333333333,1400000.0,,,17.795192230557824,7.0909098220799835,21.193269466817146,14.151983508870947,,,,,,,,,0,1400000.0
88,robertdowneyjr,86,420.0,53400000.0,3000000.0,2.05,1100000.0,1300000000.0,United States,0.0,3000000.0,5.617977528089887,0.056179775280898875,3095238.095238095,3000000.0,,,17.793321322657015,6.042632833682381,20.985630102183134,14.914123179965662,,,,,,,,,0,3000000.0
89,sunnyleone,84,4600.0,53400000.0,764000.0,0.57,301300.0,3500000000.0,Unknown,0.0,764000.0,1.4307116104868913,0.014307116104868914,760869.5652173914,764000.0,,,17.793321322657015,8.434028950155469,21.976028805727495,13.546324377048325,,,,,,,,,0,764000.0
90,ladygaga,83,3600.0,53200000.0,1400000.0,1.02,531600.0,5100000000.0,United States,0.0,1400000.0,2.631578947368421,0.02631578947368421,1416666.6666666667,1400000.0,,,17.789568973108864,8.188966863648876,22.35250637687277,14.151983508870947,,,,,,,,,0,1400000.0
91,dishapatani,74,2100.0,53000000.0,1600000.0,1.85,971700.0,3400000000.0,United States,0.0,1600000.0,3.018867924528302,0.03018867924528302,1619047.619047619,1600000.0,,,17.78580249038432,7.650168700845001,21.947041268862645,14.285514812209815,,,,,,,,,0,1600000.0
92,sergioramos,87,2200.0,52800000.0,1100000.0,1.06,557900.0,2500000000.0,Unknown,0.0,1100000.0,2.083333333333333,0.020833333333333332,1136363.6363636365,1100000.0,,,17.782021767615884,7.696667081526462,21.639556569220566,13.910821646859095,,,,,,,,,0,1100000.0
93,jbalvin,87,10000.0,52800000.0,878000.0,0.66,340500.0,8800000000.0,Unknown,0.0,878000.0,1.6628787878787878,0.01662878787878788,880000.0,878000.0,,,17.782021767615884,9.210440366976517,22.898017558544208,13.68540301156877,,,,,,,,,0,878000.0
94,mosalah,22,840.0,52500000.0,1800000.0,2.18,1100000.0,1500000000.0,Unknown,0.0,1800000.0,3.428571428571429,0.03428571428571429,1785714.2857142857,1800000.0,,,17.77632374660947,6.734591659972948,21.12873094572124,14.403297778421795,,,,,,,,,0,1800000.0
95,ayutingting92,85,10000.0,52400000.0,147300.0,0.11,56300.0,1500000000.0,Indonesia,0.0,147300.0,0.2811068702290076,0.0028110687022900763,150000.0,147300.0,,,17.77441716837524,9.210440366976517,21.12873094572124,11.900233391293936,,,,,,,,,0,147300.0
96,433,79,10300.0,51200000.0,863200.0,1.52,774200.0,8900000000.0,Netherlands,0.0,863200.0,1.6859374999999999,0.016859375,864077.6699029126,863200.0,,,17.751250109540987,9.239996256883693,22.909317113796863,13.668402851405466,,,,,,,,,0,863200.0
97,hudabeauty,82,2400.0,50800000.0,186400.0,0.04,16800.0,453600000.0,United States,0.0,186400.0,0.3669291338582677,0.003669291338582677,189000.0,186400.0,,,17.74340693223375,7.783640596221253,19.932726312582403,12.135655546026104,,,,,,,,,0,186400.0
98,adele,84,420.0,50700000.0,4700000.0,3.82,1900000.0,2000000000.0,United States,0.0,4700000.0,9.270216962524655,0.09270216962524655,4761904.761904762,4700000.0,,,17.741436488285277,6.042632833682381,21.416413018006356,15.363073279446223,,,,,,,,,0,4700000.0
99,michelleobama,85,600.0,50700000.0,700500.0,1.22,611200.0,421700000.0,Unknown,0.0,700500.0,1.3816568047337279,0.013816568047337278,702833.3333333334,700500.0,,,17.741436488285277,6.398594934535208,19.859804721088143,13.459551072309928,,,,,,,,,0,700500.0
100,kritisanon,76,2700.0,50200000.0,897200.0,1.21,604400.0,2400000000.0,India,0.0,897200.0,1.7872509960159364,0.017872509960159363,888888.8888888889,897200.0,,,17.731525604582277,7.901377353792616,21.59873457471698,13.707035196206258,,,,,,,,,0,897200.0
101,jamesrodriguez10,86,1100.0,49900000.0,1400000.0,0.75,363900.0,1500000000.0,Colombia,0.0,1400000.0,2.80561122244489,0.028056112224448898,1363636.3636363635,1400000.0,,,17.725531580761828,7.00397413672268,21.12873094572124,14.151983508870947,,,,,,,,,0,1400000.0
102,krisjenner,80,6400.0,49700000.0,356800.0,0.91,452900.0,2300000000.0,United States,0.0,356800.0,0.717907444668008,0.007179074446680081,359375.0,356800.0,,,17.721515511187583,8.764209507142004,21.556174960316298,12.784933482374647,,,,,,,,,0,356800.0
103,thv,83,60.0,49300000.0,15400000.0,25.8,12600000.0,987400000.0,Unknown,0.0,15400000.0,31.237322515212984,0.31237322515212984,16456666.666666666,15400000.0,,,17.713434659296894,4.110873864173311,20.710585784801797,16.54987813231892,,,,,,,,,0,15400000.000000002
104,lelepons,81,2500.0,49200000.0,2400000.0,3.55,1700000.0,6100000000.0,United States,0.0,2400000.0,4.878048780487805,0.04878048780487805,2440000.0,2400000.0,,,17.71140420178774,7.824445930877619,22.53155460828961,14.690979711984754,,,,,,,,,0,2400000.0
105,charlidamelio,80,150.0,49100000.0,4200000.0,3.28,1600000.0,654400000.0,Unknown,0.0,4200000.0,8.55397148676171,0.0855397148676171,4362666.666666667,4200000.0,,,17.709369613131347,5.017279836814924,20.29922934478093,15.250595321348806,,,,,,,,,0,4200000.0
106,gucci,86,8900.0,49000000.0,115100.0,0.15,72400.0,1000000000.0,Italy,0.0,115100.0,0.23489795918367348,0.0023489795918367347,112359.55056179775,115100.0,,,17.707330876483063,9.093918908958932,20.72326583794641,11.65356528276954,,,,,,,,,0,115100.0
107,prillylatuconsina96,84,6500.0,48900000.0,372400.0,0.27,131800.0,2400000000.0,Indonesia,0.0,372400.0,0.7615541922290389,0.007615541922290388,369230.76923076925,372400.0,,,17.705287974894997,8.77971129020447,21.59873457471698,12.827726509666084,,,,,,,,,0,372400.0
108,louisvuitton,82,6500.0,48700000.0,127500.0,0.08,40500.0,824000000.0,France,0.0,127500.0,0.2618069815195072,0.002618069815195072,126769.23076923077,127500.0,,,17.7011896085867,8.77971129020447,20.529681089087337,11.755879486687116,,,,,,,,,0,127500.0
109,paulodybala,85,1300.0,48300000.0,1800000.0,2.88,1400000.0,2300000000.0,Unknown,0.0,1800000.0,3.7267080745341614,0.037267080745341616,1769230.7692307692,1800000.0,,,17.692942139326735,7.170888478512505,21.556174960316298,14.403297778421795,,,,,,,,,0,1800000.0
110,blackpinkofficial,85,1400.0,48200000.0,2100000.0,2.77,1300000.0,3000000000.0,Unknown,0.0,2100000.0,4.356846473029045,0.043568464730290454,2142857.1428571427,2100000.0,,,17.690869599767716,7.244941546337007,21.821878125947855,14.557448378884015,,,,,,,,,0,2100000.0
111,dovecameron,85,170.0,48200000.0,1600000.0,1.75,841400.0,283000000.0,United States,0.0,1600000.0,3.319502074688797,0.03319502074688797,1664705.8823529412,1600000.0,,,17.690869599767716,5.14166355650266,19.46095745914108,14.285514812209815,,,,,,,,,0,1600000.0
112,garethbale11,86,980.0,48100000.0,763000.0,1.43,681300.0,753100000.0,Unknown,0.0,763000.0,1.5862785862785864,0.015862785862785864,768469.387755102,763000.0,,,17.68879275586601,6.8885724595653635,20.439708580399426,13.545014620881725,,,,,,,,,0,763000.0000000001
113,jokowi,85,3500.0,47700000.0,452600.0,0.41,189600.0,1600000000.0,Unknown,0.0,452600.0,0.9488469601677149,0.009488469601677148,457142.85714285716,452600.0,,,17.68044197682293,8.160803920954665,21.193269466817146,13.022766221635607,,,,,,,,,0,452600.0
114,nusr_et,81,2300.0,47300000.0,728200.0,0.29,133000.0,1700000000.0,United Arab Emirates,0.0,728200.0,1.5395348837209302,0.015395348837209302,739130.4347826086,728200.0,,,17.67202087460381,7.741099090035366,21.253894088596816,13.498332387971635,,,,,,,,,0,728200.0
115,harrystyles,57,590.0,46900000.0,4700000.0,6.38,2900000.0,2800000000.0,United States,0.0,4700000.0,10.021321961620469,0.10021321961620469,4745762.711864407,4700000.0,,,17.66352825473847,6.3818160174060985,21.752885254484713,15.363073279446223,,,,,,,,,0,4700000.0
116,haileybieber,85,2100.0,46900000.0,2000000.0,3.47,1600000.0,4200000000.0,Unknown,0.0,2000000.0,4.264392324093817,0.042643923240938165,2000000.0,2000000.0,,,17.66352825473847,7.650168700845001,22.15835036247383,14.508658238524095,,,,,,,,,0,2000000.0
117,vanessahudgens,84,4200.0,46800000.0,633900.0,0.63,292900.0,2700000000.0,United States,0.0,633900.0,1.3544871794871796,0.013544871794871795,642857.1428571428,633900.0,,,17.661393782255395,8.343077871169383,21.716517610327063,13.359648069806902,,,,,,,,,0,633900.0
118,5-Minute Crafts GIRLY,85,10000.0,46500000.0,157000.0,0.03,12400.0,1600000000.0,United States,0.0,157000.0,0.33763440860215055,0.0033763440860215053,160000.0,157000.0,,,17.65496289206296,9.210440366976517,21.193269466817146,11.964007453736912,,,,,,,,,0,157000.0
119,zayn,82,160.0,46500000.0,4700000.0,8.81,4000000.0,773500000.0,United States,0.0,4700000.0,10.10752688172043,0.1010752688172043,4834375.0,4700000.0,,,17.65496289206296,5.081404364984463,20.46643622927022,15.363073279446223,,,,,,,,,0,4700000.0
120,larissamanoela,85,5200.0,46500000.0,579600.0,0.57,259399.99999999997,3000000000.0,Brazil,0.0,579600.0,1.2464516129032257,0.012464516129032257,576923.0769230769,579600.0,,,17.65496289206296,8.556606193773073,21.821878125947855,13.270095214754988,,,,,,,,,0,579600.0
121,travisscott,78,3200.0,46200000.0,3000000.0,5.71,2600000.0,9600000000.0,United States,0.0,3000000.0,6.493506493506493,0.06493506493506493,3000000.0,3000000.0,,,17.648490377696987,8.071218539969863,22.98502893552437,14.914123179965662,,,,,,,,,0,2999999.9999999995
122,thenotoriousmma,82,3200.0,45900000.0,1100000.0,0.69,311500.0,3500000000.0,United States,0.0,1100000.0,2.3965141612200433,0.023965141612200435,1093750.0,1100000.0,,,17.641975696817266,8.071218539969863,21.976028805727495,13.910821646859095,,,,,,,,,0,1100000.0
123,daddyyankee,80,20.0,45900000.0,652500.0,1.0,455300.0,18300000.0,Puerto Rico,0.0,652500.0,1.4215686274509804,0.014215686274509804,915000.0,652500.0,,,17.641975696817266,3.044522437723423,16.722411672456456,13.38856795074486,,,,,,,,,0,652500.0
124,natgeotravel,82,16900.0,45800000.0,189900.0,0.12,52800.0,3200000000.0,United States,0.0,189900.0,0.4146288209606987,0.004146288209606987,189349.1124260355,189900.0,,,17.639794670918473,9.735128070758227,21.886416647064593,12.15425816271595,,,,,,,,,0,189900.0
125,nikefootball,85,1800.0,45400000.0,431200.0,0.44,199800.0,784000000.0,United States,0.0,431200.0,0.9497797356828195,0.009497797356828194,435555.55555555556,431200.0,,,17.63102268503801,7.496097345175956,20.47991957959019,12.974329617683697,,,,,,,,,0,431200.0
126,stephencurry30,84,1100.0,45400000.0,1100000.0,2.76,1200000.0,1200000000.0,Unknown,0.0,1100000.0,2.4229074889867843,0.024229074889867842,1090909.0909090908,1100000.0,,,17.63102268503801,7.00397413672268,20.9055873945737,13.910821646859095,,,,,,,,,0,1100000.0
127,vancityreynolds,86,680.0,44800000.0,1400000.0,2.61,1200000.0,925700000.0,Unknown,0.0,1400000.0,3.125,0.03125,1361323.5294117648,1400000.0,,,17.61771871970664,6.523562306149512,20.646060767117703,14.151983508870947,,,,,,,,,0,1400000.0
128,maisa,42,1500.0,44500000.0,553000.0,0.67,294100.0,820100000.0,Brazil,0.0,553000.0,1.2426966292134831,0.012426966292134831,546733.3333333334,553000.0,,,17.61099976960838,7.313886831633462,20.524936843226005,13.223115088821102,,,,,,,,,0,553000.0
129,luissuarez9,85,970.0,44200000.0,801800.0,0.96,414800.0,782500000.0,Unknown,0.0,801800.0,1.8140271493212667,0.018140271493212668,806701.030927835,801800.0,,,17.60423536967236,6.878326468291325,20.478004481656537,13.59461572638358,,,,,,,,,0,801799.9999999999
130,gusttavolima,76,4900.0,43900000.0,475100.0,0.71,303900.0,2300000000.0,Brazil,0.0,475100.0,1.0822323462414578,0.010822323462414579,469387.7551020408,475100.0,,,17.597424900824443,8.497194544909547,21.556174960316298,13.071282691992835,,,,,,,,,0,475100.0
131,jannatzubair29,84,1600.0,43800000.0,1300000.0,2.18,944300.0,2200000000.0,Unknown,0.0,1300000.0,2.968036529680365,0.02968036529680365,1375000.0,1300000.0,,,17.595144398177723,7.3783837129967145,21.511723197765228,14.077875591662238,,,,,,,,,0,1300000.0
132,varundvn,84,1900.0,43800000.0,1100000.0,1.48,640500.0,2000000000.0,India,0.0,1100000.0,2.5114155251141552,0.02511415525114155,1052631.5789473683,1100000.0,,,17.595144398177723,7.550135342488429,21.416413018006356,13.910821646859095,,,,,,,,,0,1100000.0
133,hrithikroshan,85,580.0,43700000.0,1600000.0,3.82,1600000.0,949900000.0,CÃ´te d'Ivoire,0.0,1600000.0,3.6613272311212817,0.036613272311212815,1637758.6206896552,1600000.0,,,17.592858682949114,6.364750756851911,20.671867274913154,14.285514812209815,,,,,,,,,0,1600000.0
134,nickyjampr,81,10000.0,43400000.0,381600.0,0.33,139300.0,3800000000.0,Colombia,0.0,381600.0,0.87926267281106,0.0087926267281106,380000.0,381600.0,,,17.585970022112107,9.210440366976517,22.05826690394191,12.852130839097908,,,,,,,,,0,381600.0
135,buzzfeedtasty,85,8900.0,43200000.0,65099.99999999999,0.02,7700.0,580700000.0,Spain,0.0,65099.99999999999,0.1506944444444444,0.0015069444444444442,65247.191011235955,65099.99999999999,,,17.581351076362488,9.093918908958932,20.179744832064337,11.083695189061785,,,,,,,,,0,65099.99999999999
136,brunamarquezine,84,3000.0,43100000.0,969700.0,1.05,444200.0,2900000000.0,United States,0.0,969700.0,2.2498839907192574,0.022498839907192574,966666.6666666666,969700.0,,,17.579033578275833,8.006700845440367,21.787976574283668,13.784743055538883,,,,,,,,,0,969700.0
137,caradelevingne,86,4400.0,42900000.0,790200.0,0.43,181000.0,3500000000.0,United States,0.0,790200.0,1.8419580419580421,0.01841958041958042,795454.5454545454,790200.0,,,17.57438240720827,8.38958706681109,21.976028805727495,13.58004262246103,,,,,,,,,0,790200.0
138,kapilsharma,83,950.0,42200000.0,736400.0,1.49,624500.0,710700000.0,Unknown,0.0,736400.0,1.7450236966824646,0.017450236966824646,748105.2631578947,736400.0,,,17.557930802702924,6.85751406254539,20.381760959204186,13.509530086297769,,,,,,,,,0,736400.0
139,badbunnypr,83,10.0,42100000.0,3700000.0,13.09,5400000.0,67500000.0,Unknown,0.0,3700000.0,8.788598574821853,0.08788598574821853,6750000.0,3700000.0,,,17.555558322405577,2.3978952727983707,18.02763817065757,15.123843647884687,,,,,,,,,0,3700000.0
140,britneyspears,80,3000.0,42100000.0,513100.0,0.55,221700.0,1600000000.0,Turkey,0.0,513100.0,1.2187648456057008,0.012187648456057007,533333.3333333334,513100.0,,,17.555558322405577,8.006700845440367,21.193269466817146,13.148227985865987,,,,,,,,,0,513100.0
141,j.m,83,20.0,41900000.0,14200000.0,26.41,11000000.0,368100000.0,Unknown,0.0,14200000.0,33.89021479713604,0.33890214797136037,18405000.0,14200000.0,,,17.550796408758714,3.044522437723423,19.7238652010659,16.468752592994022,,,,,,,,,0,14200000.0
142,mariliamendoncacantora,73,1400.0,41800000.0,1000000.0,1.98,818600.0,1500000000.0,Brazil,0.0,1000000.0,2.3923444976076556,0.023923444976076555,1071428.5714285714,1000000.0,,,17.54840692141843,7.244941546337007,21.12873094572124,13.815511557963774,,,,,,,,,0,1000000.0
143,norafatehi,83,1700.0,41600000.0,1400000.0,1.76,727500.0,2300000000.0,Anguilla,0.0,1400000.0,3.3653846153846154,0.03365384615384615,1352941.1764705882,1400000.0,,,17.543610749269952,7.438971592395862,21.556174960316298,14.151983508870947,,,,,,,,,0,1400000.0
144,theweeknd,83,670.0,41500000.0,1100000.0,3.97,1600000.0,767000000.0,Unknown,0.0,1100000.0,2.6506024096385543,0.02650602409638554,1144776.119402985,1100000.0,,,17.541204009297314,6.508769136971682,20.45799736063531,13.910821646859095,,,,,,,,,0,1100000.0
145,dior,85,9700.0,41500000.0,88800.0,0.16,63600.0,863000000.0,Unknown,0.0,88800.0,0.21397590361445784,0.0021397590361445784,88969.07216494845,88800.0,,,17.541204009297314,9.179984251961283,20.57592525020645,11.394153190178114,,,,,,,,,0,88800.0
146,ranveersingh,85,1800.0,40800000.0,1000000.0,0.76,299300.0,1800000000.0,Switzerland,0.0,1000000.0,2.450980392156863,0.024509803921568627,1000000.0,1000000.0,,,17.524192663884193,7.496097345175956,21.311052502404085,13.815511557963774,,,,,,,,,0,1000000.0
147,marinaruybarbosa,81,2100.0,40700000.0,586400.0,0.01,0.0,1200000000.0,Brazil,0.0,586400.0,1.4407862407862408,0.014407862407862407,571428.5714285715,586400.0,,,17.52173867498285,7.650168700845001,20.9055873945737,13.281759134873726,,,,,,,,,0,586400.0
148,jenniferaniston,85,90.0,40700000.0,4600000.0,1.88,731000.0,452000000.0,Unknown,0.0,4600000.0,11.302211302211303,0.11302211302211303,5022222.222222222,4600000.0,,,17.52173867498285,4.51085950651685,19.929192740008894,15.341567078850604,,,,,,,,,0,4600000.0
149,addisonraee,85,300.0,40100000.0,3100000.0,2.49,994400.0,957900000.0,Unknown,0.0,3100000.0,7.73067331670823,0.0773067331670823,3193000.0,3100000.0,,,17.50688691721445,5.707110264748875,20.68025394739707,14.946912992035967,,,,,,,,,0,3100000.0
150,andresiniesta8,85,2000.0,40000000.0,250800.0,0.41,161700.0,500500000.0,Spain,0.0,250800.0,0.627,0.00627,250250.0,250800.0,,,17.50439003707821,7.601402334583733,20.03111815871755,12.432415074973783,,,,,,,,,0,250800.00000000003
151,princessyahrini,81,4500.0,40000000.0,118300.0,0.22,87400.0,529900000.0,Indonesia,0.0,118300.0,0.29575,0.0029575,117755.55555555556,118300.0,,,17.50439003707821,8.412054873292933,20.08819886935014,11.680987503016127,,,,,,,,,0,118300.0
152,liverpoolfc,75,10000.0,39900000.0,346700.0,0.42,162900.0,3500000000.0,United Kingdom,0.0,346700.0,0.8689223057644111,0.008689223057644111,350000.0,346700.0,,,17.50188690692275,9.210440366976517,21.976028805727495,12.756218016006999,,,,,,,,,0,346700.00000000006
153,teddysphotos,80,2300.0,39900000.0,715500.0,0.46,181100.0,1700000000.0,United States,0.0,715500.0,1.7932330827067668,0.017932330827067668,739130.4347826086,715500.0,,,17.50188690692275,7.741099090035366,21.253894088596816,13.480738275601706,,,,,,,,,0,715499.9999999999
154,worldstar,78,11600.0,39200000.0,157400.0,0.23,84400.0,1800000000.0,United States,0.0,157400.0,0.40153061224489794,0.0040153061224489795,155172.41379310345,157400.0,,,17.484187330270895,9.358846580275406,21.311052502404085,11.96655196818541,,,,,,,,,0,157400.0
155,natashawilona12,84,1200.0,39200000.0,486500.0,0.59,227700.0,563900000.0,Unknown,0.0,486500.0,1.2410714285714286,0.012410714285714285,469916.6666666667,486500.0,,,17.484187330270895,7.0909098220799835,20.150387490550774,13.094994236104542,,,,,,,,,0,486500.0
156,mahi7781,58,100.0,39100000.0,4099999.9999999995,0.17,0.0,439400000.0,Unknown,0.0,4099999.9999999995,10.485933503836316,0.10485933503836316,4394000.0,4099999.9999999995,,,17.48163305053104,4.61512051684126,19.900920720190616,15.226497775576945,,,,,,,,,0,4099999.9999999995
157,georginagio,74,730.0,39100000.0,2200000.0,8.56,3300000.0,1600000000.0,Unknown,0.0,2200000.0,5.626598465473146,0.056265984654731455,2191780.821917808,2200000.0,,,17.48163305053104,6.594413459749778,21.193269466817146,14.603968372873895,,,,,,,,,0,2200000.0
158,cznburak,80,1800.0,39000000.0,815800.0,1.01,383300.0,1400000000.0,Unknown,0.0,815800.0,2.0917948717948716,0.020917948717948717,777777.7777777778,815800.0,,,17.479072229734946,7.496097345175956,21.05973807428191,13.611925731655479,,,,,,,,,0,815800.0
159,chrissyteigen,79,5100.0,38900000.0,623100.0,0.43,162100.0,3200000000.0,United States,0.0,623100.0,1.6017994858611824,0.016017994858611825,627450.9803921569,623100.0,,,17.476504834295614,8.537191877922927,21.886416647064593,13.342463903409858,,,,,,,,,0,623100.0
160,ruben_onsu,75,13400.0,38800000.0,139300.0,0.13,49100.0,1900000000.0,Indonesia,0.0,139300.0,0.35902061855670103,0.0035902061855670104,141791.0447761194,139300.0,,,17.473930830366697,9.503084610020228,21.365119723645122,11.844392338493027,,,,,,,,,0,139300.0
161,wizkhalifa,80,500.0,38700000.0,398700.0,0.31,115700.0,199800000.0,United States,0.0,398700.0,1.0302325581395348,0.01030232558139535,399600.0,398700.0,,,17.471350183839803,6.2166061010848646,19.11282742918373,12.895967041517792,,,,,,,,,0,398700.00000000006
162,hm,83,7300.0,38500000.0,88400.0,0.06,22400.0,644100000.0,Sweden,0.0,88400.0,0.22961038961038963,0.0022961038961038962,88232.87671232877,88400.0,,,17.46616882523204,8.895766604056085,20.283364553069674,11.389638560778947,,,,,,,,,0,88400.0
163,anushkasen0408,85,5300.0,38300000.0,695400.0,1.75,658300.0,3700000000.0,Unknown,0.0,695400.0,1.8156657963446474,0.018156657963446475,698113.2075471698,695400.0,,,17.460960480260535,8.575650760987806,22.03159865686686,13.452243936576147,,,,,,,,,0,695400.0
164,prattprattpratt,84,730.0,38300000.0,813500.0,1.0,363800.0,594700000.0,Unknown,0.0,813500.0,2.1240208877284594,0.021240208877284596,814657.5342465753,813500.0,,,17.460960480260535,6.594413459749778,20.203567636358343,13.609102434896775,,,,,,,,,0,813500.0
165,marvelstudios,83,2700.0,38100000.0,594200.0,1.58,555900.0,1600000000.0,Unknown,0.0,594200.0,1.5595800524934382,0.015595800524934382,592592.5925925926,594200.0,,,17.455724866343648,7.901377353792616,21.193269466817146,13.294972924944267,,,,,,,,,0,594200.0
166,wesleysafadao,80,8900.0,37400000.0,256100.00000000003,0.02,0.0,2300000000.0,Unknown,0.0,256100.00000000003,0.6847593582887701,0.0068475935828877016,258426.96629213484,256100.00000000003,,,17.437181289122726,9.093918908958932,21.556174960316298,12.45332717690471,,,,,,,,,0,256100.00000000003
167,parineetichopra,84,1300.0,37400000.0,505700.0,0.68,246900.0,672100000.0,Unknown,0.0,505700.0,1.3521390374331552,0.013521390374331551,517000.0,505700.0,,,17.437181289122726,7.170888478512505,20.325917698428068,13.13370086452311,,,,,,,,,0,505700.0
168,rkive,83,110.0,37000000.0,10900000.0,1.9020100502512562,0.0,1200000000.0,Unknown,0.0,10900000.0,29.45945945945946,0.2945945945945946,10909090.909090908,10900000.0,,,17.426428497635523,4.709530201312334,20.9055873945737,16.204273438942487,,,,,,,,,0,10900000.0
169,laudyacynthiabella,76,380.0,36900000.0,172800.0,0.12,43400.0,66700000.0,Indonesia,0.0,172800.0,0.46829268292682924,0.0046829268292682925,175526.31578947368,172800.0,,,17.423722136111028,5.942799375126701,18.015715525878356,12.059895922372384,,,,,,,,,0,172800.0
170,antogriezmann,83,870.0,36500000.0,1100000.0,0.57,203600.0,955400000.0,France,0.0,1100000.0,3.0136986301369864,0.030136986301369864,1098160.91954023,1100000.0,,,17.41282284594998,6.769641976852503,20.67764065996682,13.910821646859095,,,,,,,,,0,1100000.0
171,gisel_la,85,9900.0,36500000.0,150500.0,0.1,33400.0,1500000000.0,Unknown,0.0,150500.0,0.41232876712328764,0.004123287671232876,151515.15151515152,150500.0,,,17.41282284594998,9.200391041122515,21.12873094572124,11.921725007667265,,,,,,,,,0,150500.0
172,eminem,84,660.0,36400000.0,1100000.0,2.69,962700.0,730100000.0,United States,0.0,1100000.0,3.021978021978022,0.03021978021978022,1106212.121212121,1100000.0,,,17.410079360079497,6.493753839851686,20.40869207039599,13.910821646859095,,,,,,,,,0,1100000.0
173,mercedesbenz,77,10000.0,36000000.0,197900.0,0.18,64599.99999999999,2000000000.0,British Virgin Islands,0.0,197900.0,0.5497222222222222,0.005497222222222222,200000.0,197900.0,,,17.399029524198163,9.210440366976517,21.416413018006356,12.19552218463499,,,,,,,,,0,197900.0
174,colesprouse,81,1200.0,35900000.0,2200000.0,2.34,834500.0,2600000000.0,Unknown,0.0,2200000.0,6.128133704735376,0.06128133704735376,2166666.6666666665,2200000.0,,,17.39624788131366,7.0909098220799835,21.678777282358464,14.603968372873895,,,,,,,,,0,2200000.0
175,nattinatasha,47,30.0,35900000.0,518100.0,0.8,285900.0,18700000.0,Czech Republic,0.0,518100.0,1.443175487465181,0.01443175487465181,623333.3333333334,518100.0,,,17.39624788131366,3.4339872044851463,16.74403413530075,13.157925482930336,,,,,,,,,0,518100.0
176,shahidkapoor,82,1100.0,35600000.0,1300000.0,2.54,780000.0,1500000000.0,Unknown,0.0,1300000.0,3.651685393258427,0.03651685393258427,1363636.3636363635,1300000.0,,,17.387856223912145,7.00397413672268,21.12873094572124,14.077875591662238,,,,,,,,,0,1300000.0
177,tigerjackieshroff,83,2100.0,35600000.0,1100000.0,1.2,422900.0,2200000000.0,India,0.0,1100000.0,3.089887640449438,0.03089887640449438,1047619.0476190476,1100000.0,,,17.387856223912145,7.650168700845001,21.511723197765228,13.910821646859095,,,,,,,,,0,1100000.0
178,kimberly.loaiza,78,590.0,35500000.0,2600000.0,5.23,1800000.0,1600000000.0,Mexico,0.0,2600000.0,7.323943661971831,0.07323943661971831,2711864.406779661,2600000.0,,,17.385043282614657,6.3818160174060985,21.193269466817146,14.77102238760702,,,,,,,,,0,2600000.0
179,barackobama,81,660.0,35400000.0,1100000.0,1.19,411500.0,739500000.0,United States,0.0,1100000.0,3.1073446327683616,0.031073446327683617,1120454.5454545454,1100000.0,,,17.38222240635259,6.493753839851686,20.421484841467393,13.910821646859095,,,,,,,,,0,1100000.0
180,sachintendulkar,76,1000.0,35300000.0,800400.0,2.03,664500.0,810000000.0,Unknown,0.0,800400.0,2.26742209631728,0.022674220963172804,810000.0,800400.0,,,17.379393550232137,6.90875477931522,20.512544806865325,13.592868131066247,,,,,,,,,0,800400.0
181,simonemendes,72,4400.0,35000000.0,420000.0,0.65,222900.0,1900000000.0,Brazil,0.0,420000.0,1.2,0.012,431818.1818181818,420000.0,,,17.370858648025116,8.38958706681109,21.365119723645122,12.948012371209098,,,,,,,,,0,420000.0
182,ivetesangalo,84,7600.0,34800000.0,226400.0,0.36,121100.0,1700000000.0,Brazil,0.0,226400.0,0.6505747126436782,0.006505747126436781,223684.2105263158,226400.0,,,17.365127973480334,8.936035096566041,21.253894088596816,12.330063042262541,,,,,,,,,0,226400.0
183,lunamaya,83,4100.0,34800000.0,145400.0,0.17,58600.0,589600000.0,Unknown,0.0,145400.0,0.417816091954023,0.00417816091954023,143804.8780487805,145400.0,,,17.365127973480334,8.31898612539206,20.194954900535468,11.887250721636997,,,,,,,,,0,145400.0
184,toni.kr8s,83,940.0,34700000.0,597200.0,1.68,533500.0,561300000.0,Unknown,0.0,597200.0,1.7210374639769452,0.017210374639769453,597127.659574468,597200.0,,,17.36225027373553,6.846943139585379,20.145766081694006,13.300009019126682,,,,,,,,,0,597200.0
185,dannapaola,68,1900.0,34700000.0,1500000.0,3.49,1200000.0,2800000000.0,Mexico,0.0,1500000.0,4.322766570605188,0.043227665706051875,1473684.2105263157,1500000.0,,,17.36225027373553,7.550135342488429,21.752885254484713,14.220976332738882,,,,,,,,,0,1500000.0
186,paollaoliveirareal,84,4600.0,34700000.0,367800.0,0.57,192300.0,1700000000.0,Unknown,0.0,367800.0,1.0599423631123919,0.010599423631123919,369565.2173913043,367800.0,,,17.36225027373553,8.434028950155469,21.253894088596816,12.815297310017613,,,,,,,,,0,367800.0
187,blakelively,80,110.0,34600000.0,3100000.0,0.02,0.0,350900000.0,United States,0.0,3100000.0,8.959537572254336,0.08959537572254335,3190000.0,3100000.0,,,17.359364268929685,4.709530201312334,19.67601184340326,14.946912992035967,,,,,,,,,0,3100000.0
188,adidasoriginals,83,150.0,34200000.0,136200.0,0.2,66800.0,21200000.0,Unknown,0.0,136200.0,0.39824561403508774,0.003982456140350877,141333.33333333334,136200.0,,,17.3477362312726,5.017279836814924,16.86951178681205,11.821887014814502,,,,,,,,,0,136200.0
189,disney,77,7300.0,34200000.0,185200.0,0.44,132000.0,1400000000.0,United States,0.0,185200.0,0.5415204678362573,0.005415204678362573,191780.8219178082,185200.0,,,17.3477362312726,8.895766604056085,21.05973807428191,12.129197000747673,,,,,,,,,0,185200.0
190,shaymitchell,83,6300.0,34100000.0,732400.0,0.73,247500.0,4600000000.0,United States,0.0,732400.0,2.147800586510264,0.02147800586510264,730158.7301587302,732400.0,,,17.344807971579257,8.748463629942055,22.24932214065885,13.504083457155673,,,,,,,,,0,732400.0
191,bmw,79,9300.0,33700000.0,231300.0,0.23,76500.0,2200000000.0,Germany,0.0,231300.0,0.6863501483679525,0.006863501483679525,236559.13978494622,231300.0,,,17.33300842499618,9.137877200242468,21.511723197765228,12.351475171599722,,,,,,,,,0,231300.0
192,danbilzerian,84,1400.0,33600000.0,2000000.0,3.58,1200000.0,2800000000.0,Canada,0.0,2000000.0,5.952380952380952,0.05952380952380952,2000000.0,2000000.0,,,17.330036654695338,7.244941546337007,21.752885254484713,14.508658238524095,,,,,,,,,0,2000000.0
193,khabib_nurmagomedov,63,4500.0,33500000.0,685100.0,0.67,220700.0,3100000000.0,Russia,0.0,685100.0,2.045074626865672,0.020450746268656717,688888.8888888889,685100.0,,,17.32705602664604,8.412054873292933,21.854667948760092,13.437321551630854,,,,,,,,,0,685100.0
194,zidane,41,370.0,33500000.0,1100000.0,1.61,532700.0,391900000.0,France,0.0,1100000.0,3.2835820895522385,0.03283582089552239,1059189.189189189,1100000.0,,,17.32705602664604,5.916202062607435,19.786517265721532,13.910821646859095,,,,,,,,,0,1100000.0
195,sonamkapoor,75,4800.0,33299999.999999996,264700.0,0.63,209200.0,1300000000.0,India,0.0,264700.0,0.794894894894895,0.00794894894894895,270833.3333333333,264700.0,,,17.3210679849807,8.476579508530941,20.985630102183134,12.486356166069786,,,,,,,,,0,264700.0
196,iambeckyg,71,2300.0,33200000.000000004,623800.0,1.4,464700.0,1400000000.0,United States,0.0,623800.0,1.8789156626506023,0.018789156626506022,608695.6521739131,623800.0,,,17.3180604640072,7.741099090035366,21.05973807428191,13.343586686232465,,,,,,,,,0,623800.0
197,nancyajram,81,3800.0,33200000.000000004,390400.0,0.64,208000.0,1500000000.0,France,0.0,390400.0,1.1759036144578312,0.011759036144578312,394736.84210526315,390400.0,,,17.3180604640072,8.24301946898925,21.12873094572124,12.874929694993204,,,,,,,,,0,390400.0
198,luansantana,79,770.0,33200000.000000004,193300.0,0.26,82600.0,149200000.0,Brazil,0.0,193300.0,0.5822289156626506,0.005822289156626506,193766.23376623375,193300.0,,,17.3180604640072,6.647688373563329,18.820798252436347,12.172003838488783,,,,,,,,,0,193300.0
199,nickjonas,78,2300.0,33000000.0,719600.0,1.42,467700.0,1700000000.0,United States,0.0,719600.0,2.1806060606060607,0.021806060606060607,739130.4347826086,719600.0,,,17.312018149733785,7.741099090035366,21.253894088596816,13.486452170718472,,,,,,,,,0,719600.0
200,raisa6690,80,4200.0,32799999.999999996,232200.0,0.3,97400.0,969100000.0,Indonesia,0.0,232200.0,0.7079268292682928,0.007079268292682928,230738.09523809524,232200.0,,,17.305939103842178,8.343077871169383,20.691878364736663,12.355358654868867,,,,,,,,,0,232200.0
